numER;mLOSmbed2;mLOSmbed3;sLOSmbed2;sLOSmbed3;numPOB;edMV;iMAmbed1;iMAmbed2;iMAmbed3;iSAmbed1;iSAmbed2;iSAmbed3;iSOA;iMV;osuMV;f1EDLWBS;f2EDRMBLKD;f3tEDd;f4tEDa;f5pSUc;f6tSUc;f7nCUo;f8nPCUo;f9nACUo;yOEE1c
21;32526;85344;20574;119136;6;45.23;8;11;42;15;7;39;4;14192;14.16;0;0.014330514;3489795714;4488587143;0.592264286;122357;30185200;5787841429;6848704286;0.813955
9;30546;74976;23706;133728;6;45.95;13;8;39;14;12;24;7;13968;8304;5;0.033967871;3501252857;4500401429;0.362229143;403613;34743700;7702475714;7100185714;0.785229857
10;27.09;141792;19.53;72.48;8;22.43;14;8;45;14;10;37;5;18.48;17904;0;0.014923671;358048;4580514286;0.92382;4235181429;31202042.86;8357138571;5557741429;0.808606857
13;22122;120.48;25722;60768;11;48.05;13;6;34;12;11;20;5;8.72;5232;0.075017286;0.455122;4371412857;2385912857;0.99992;2797497143;31696771.43;5629552857;2207751429;0.203385714
21;30834;88416;22662;71136;3;38.51;12;9;37;11;15;29;5;9936;14352;0;0.012201271;3520972857;4519985714;0.936587286;6523464286;30779428.57;7161262857;2283587143;0.814171571
17;24.03;55008;22914;75744;2;23.51;12;14;17;9;8;12;6;7.12;14032;0;0.009201297;3540118571;4539458571;0.499642857;2613015714;35600542.86;20563400;1434750;0.815666714
18;28746;110304;24462;73824;6;30.47;14;14;21;6;6;21;2;19312;9.04;0.052834429;0.612071857;4183472857;6076917143;0.562457714;3320618571;33403971.43;12103214.29;3514956;0.143936571
23;32382;113952;21402;137568;8;37.01;10;9;13;11;13;22;6;16048;6736;0.545813857;0.861713857;5840448571;1753351429;0.371432286;3645018571;35656171.43;21193642.86;2239678571;0.022704557
17;31194;59616;26766;50208;11;49.55;8;11;29;14;9;34;7;11.6;5424;0;0.019392971;34991;4497865714;0.99992;2793437143;27975514.29;1700462857;2604911429;0.808763857
8;35874;52128;30978;103584;5;49.01;12;7;26;8;11;19;2;13.36;10.48;0.017344214;0.040051086;3919218571;4920397143;0.319275857;2477192857;32534514.29;4672802857;3530762857;0.635521714
21;32.67;141.6;23166;61.92;7;25.91;8;15;24;13;7;26;6;13776;6384;0;0.105286014;3547677143;1585664286;0.795823857;1258031429;30688014.29;7112675714;2102622857;0.618687143
17;31.95;96.48;31.77;131424;10;49.61;11;11;32;5;6;43;6;14352;16624;0.033252686;0.488464857;3993841429;2949275714;0.402724;2237661429;27630300;5377268571;3844645714;0.221834143
15;18558;55392;19026;58272;5;49.73;6;7;19;9;7;27;7;13168;10032;0.040328886;0.474631;407789;259396;0.677577857;156994;24470985.71;6408648571;3709285714;0.225727571
12;21.15;48288;24138;94944;3;33.89;15;6;47;8;13;13;3;16208;16688;0;0.018790586;3499892857;4498781429;0.209604857;3651631429;35785371.43;14812600;18775314.29;0.809443
12;19026;63.84;18198;142176;6;44.63;7;10;47;7;8;28;7;13104;16.72;0;0.024745514;3507742857;4506585714;0.775033857;3144761429;27191428.57;5287412857;4907624286;0.803662
15;23058;135072;22194;82848;2;23.21;12;8;35;11;8;29;5;19984;11088;0;0.010295071;3552992857;455259;0.613109857;1083335714;33124571.43;4238792857;3668085714;0.814701429
11;19242;91296;18594;51.36;9;32.87;8;5;12;8;12;44;3;6.96;5296;0.383804714;0.711828571;5598711429;6255955714;0.99992;2765325714;31887485.71;11788842.86;18954457.14;0.065902414
8;27018;95328;21294;67872;3;46.31;13;7;47;15;13;23;3;5456;17616;0.006556474;0.038259686;3768097143;4768917143;0.945352857;5335695714;34270600;6395658571;4548515714;0.688458857
9;24462;95712;20826;85152;4;41.87;6;6;39;10;13;42;6;5072;6.96;0;0.0309537;3514444286;4513371429;0.99992;278959;29815071.43;7413522857;9992518571;0.797881571
12;26.55;55776;23.31;73632;7;49.85;6;12;15;12;9;34;6;5168;19792;0.290775714;0.570723571;529928;3388254286;0.99992;2755865714;32038657.14;11741442.86;5992082857;0.116784571
11;35622;128352;20034;69.6;8;41.39;14;13;50;5;7;15;3;9.84;7.12;0;0.025035314;3515592857;451457;0.760683571;2788521429;31769085.71;8309284286;8142162857;0.803135429
18;21978;75168;20898;134304;6;20.75;6;13;25;11;12;21;4;12048;10.8;0;0.007670004;3547181429;4546674286;0.413304429;2425217143;33842385.71;23304328.57;2778554286;0.816404429
21;24.57;72864;28494;112608;8;46.85;8;7;43;11;5;36;3;9.68;4912;0;0.014843814;3480517143;4479282857;0.577725429;2158027143;30859485.71;591217;6138987143;0.814070571
21;31.05;112416;34722;139.68;11;48.53;10;14;30;13;8;33;7;17.52;14.32;0.186218143;0.678066143;4824175714;579018;0.386619571;2217844286;32912142.86;7514678571;2237458571;0.084049143
20;22086;96096;34362;87264;9;41.15;7;11;34;12;11;20;3;14.16;7312;0;0.0136897;3490662857;448947;0.421864571;2175762857;31668657.14;9497657143;8573905714;0.814532571
19;20394;88992;22626;138.72;6;42.71;11;5;31;14;11;20;6;18768;4112;0;0.015256157;3477478571;4515748571;0.265724;5402208571;35213071.43;6575537143;4272494286;0.812473571
22;26.73;109536;25794;51936;8;44.09;13;8;33;14;8;44;3;19632;13936;0;0.014704586;349146;4676312857;0.501267143;1141362857;31171957.14;361232;2928472857;0.806289143
19;32274;138912;26226;112224;4;30.35;11;10;19;7;15;36;6;19952;9232;0.317442286;0.784014429;5302425714;1099998571;0.692047429;4156988571;29749600;12265642.86;8329958571;0.041127914
11;25218;105504;26298;122.4;9;41.75;14;11;34;7;6;19;3;6896;13136;0;0.025253257;3489177143;4487972857;0.395113714;2354737143;33960614.29;7224747143;2151951429;0.804444857
24;28926;74016;23634;69024;6;24.95;7;9;18;13;13;40;6;7152;10384;0;0.006916829;3571027143;4570834286;0.99992;2757185714;33025685.71;14112714.29;12608814.29;0.816538714
9;31.23;54432;18702;136032;3;42.53;10;13;30;6;6;27;3;15248;14608;0;0.031441314;3511392857;4510295714;0.672345143;4179862857;30003257.14;7546727143;1611542857;0.797407
18;25686;93.6;26946;122592;5;20.21;8;6;34;9;9;29;5;5584;4.08;0;0.007470363;3588187143;458851;0.99992;2770037143;33610142.86;10039011.43;10535985.71;0.814750571
12;26082;48096;20.43;125664;5;27.41;11;15;31;8;14;41;5;13296;19.6;0;0.015197643;3561147143;4560838571;0.927072714;4580524286;28747700;13483042.86;3017651429;0.809673857
12;35082;127776;19.17;97824;2;21.29;6;14;45;13;8;26;4;11984;16848;0;0.011804357;3554455714;455412;0.558651571;131308;31799071.43;13009885.71;6579948571;0.812860571
13;20358;105696;34938;121056;4;23.15;6;9;50;7;5;12;3;16.88;15792;0;0.011848314;354271;4542224286;0.331301429;1820265714;34392285.71;15349328.57;16769771.43;0.813568429
11;21618;68832;25614;73.44;11;46.19;8;11;48;13;10;16;6;11856;17936;0;0.0279389;3481415714;4480197143;0.352431571;2623728571;32332385.71;8380005714;6913744286;0.802417286
16;25398;98.4;35298;67296;8;41.33;6;8;41;13;8;35;3;9232;8848;0;0.017186771;351546;4514391429;0.99992;2790348571;28716928.57;1180612143;3885791429;0.810004714
23;27.63;57696;31698;77472;11;31.31;7;5;20;10;6;30;4;14608;14224;0;0.009057377;3518012857;45171;0.480978714;1618012857;29801314.29;1288662857;2570884286;0.817066286
14;34902;121824;18954;106848;5;49.31;9;10;14;7;12;47;2;15.44;12336;0.657068571;0.809531429;6014115714;104219;0.836400143;5020191429;26236900;7454262857;59065;0.037513786
17;24426;91872;30042;122784;11;22.31;5;13;20;6;10;17;3;11696;13968;0;0.00873163;3540754286;4540065714;0.297614857;261377;31059928.57;22533800;7008461429;0.815915714
18;25362;100.32;30078;74784;4;33.65;12;13;35;11;7;26;5;10288;7216;0;0.012438343;3523157143;4522311429;0.845697571;1174885714;31924671.43;4552790;1319782857;0.813880429
20;30042;106464;28746;85.92;12;32.15;11;14;36;5;6;37;6;6288;8592;0;0.0106954;3544027143;4543448571;0.99992;2769832857;30408128.57;9149067143;7666225714;0.814568143
14;26.19;110.88;28.53;128544;6;45.05;7;8;27;6;7;15;3;13008;11312;0.180910571;0.589564857;4838935714;3782965714;0.266073857;3310918571;31716557.14;8658594286;2237714286;0.120176
21;33534;85152;21798;108576;4;44.03;6;9;37;7;6;46;6;8368;7856;0;0.013950286;3497365714;4496187143;0.847957286;1305921429;24490357.14;7870535714;4164122857;0.813873714
22;25866;60384;31662;143.52;10;26.21;9;6;45;9;8;38;5;4912;17456;0;0.007926656;3565335714;4565074286;0.99992;2747458571;33644914.29;6108444286;17992057.14;0.815986286
20;27342;87.84;21762;69216;6;34.85;10;8;22;12;15;47;2;16528;19.28;0;0.012477357;3533955714;467812;0.676687429;5221848571;26722285.71;1726021429;6477935714;0.807436143
13;26334;51168;25074;124128;7;32.33;7;10;23;14;11;37;4;8528;4336;0;0.016546529;3543417143;4542827143;0.99992;2781417143;31527628.57;7710614286;1338801429;0.809457286
20;19602;126432;33678;109728;10;40.79;14;10;17;9;7;13;7;12496;11888;0.467236714;0.810982571;568854;1144384286;0.252085;5691275714;37392414.29;18574857.14;2237684286;0.035341814
9;21114;52704;32454;69408;10;42.23;11;6;32;5;9;26;3;14128;5136;0;0.031219871;3513832857;451278;0.717860857;2829862857;27517971.43;1211984286;4968957143;0.797644143
15;18666;143904;25.65;89952;6;43.61;5;6;43;9;11;15;6;9488;16336;0;0.019343986;3483055714;4481852857;0.325398571;3453685714;29771142.86;7099260;2674158571;0.809998
17;35.19;117408;24.39;88416;3;28.25;14;9;24;11;11;36;5;16944;18.64;0;0.011096771;3549308571;4557318571;0.701966714;7257001429;31532557.14;3344727143;9270158571;0.813721429
19;20466;139.68;29574;103008;5;40.43;10;13;43;13;11;14;5;11.28;4528;0;0.014158086;3480537143;447933;0.318468429;5815578571;35390742.86;18096628.57;2686466286;0.814806857
13;32778;98784;35658;127.2;10;40.01;5;6;29;8;14;40;4;14224;19632;0;0.020837457;3513002857;4550597143;0.738293286;6119782857;23297100;1949718571;1417577143;0.805546429
19;29538;73248;33.57;57696;11;24.65;6;9;33;10;9;32;5;14.96;4656;0;0.008631916;357276;457261;0.927757571;2783031429;25769542.86;8269211429;7821502857;0.814980857
22;34.65;71328;29034;133152;8;22.25;15;6;49;13;12;25;4;12.4;14256;0;0.006729083;3546782857;4546227143;0.436031571;1862572857;36443500;11455985.71;12743671.43;0.817429143
9;35154;114912;23814;128.16;11;36.41;13;13;38;10;7;35;2;4.24;15888;0;0.0269172;3530514286;4529648571;0.999908429;4469541429;34572900;11218100;3063137143;0.800729
10;20754;140256;32742;79968;8;48.89;11;13;48;10;6;41;3;8432;10416;0;0.032528857;3487622857;4486414286;0.671669857;1282824286;30711685.71;2362347143;1911778571;0.796002286
22;22626;86496;26154;86496;12;31.49;5;10;16;8;9;45;5;10.48;19472;0.116577286;0.707791286;4535051429;8692328571;0.99992;2757005714;24770057.14;4466190;2291100;0.075214243
14;35046;123552;35.37;104544;10;37.07;8;9;46;9;13;25;5;8112;19248;0;0.017617429;351198;4510932857;0.640789143;1121477143;30274214.29;8532345714;4661598571;0.809944
14;28782;60768;19602;110496;4;27.05;10;10;15;13;9;23;7;8624;13584;0;0.0128555;3542912857;4542334286;0.738739143;136486;34040914.29;10430914.29;4118037143;0.812523286
23;31734;111648;29.25;118368;7;43.01;6;14;17;8;15;26;7;18832;8784;0.478382857;0.827450143;5726514286;1290115714;0.429439286;2517325714;30120714.29;20670000;2236867143;0.031493343
20;25974;83616;30222;121824;8;27.11;11;14;36;9;11;41;2;11056;7248;0;0.009018706;3562354286;4562058571;0.978685714;3941414286;30307785.71;10169840;2938937143;0.815134714
24;18.09;124128;19998;85536;11;36.05;8;9;27;8;9;47;5;18864;6128;0;0.202463429;3528621429;231088;0.857149714;4986614286;22869171.43;5104828571;1730447143;0.527872714
12;29034;69216;24606;87648;8;39.95;10;10;25;12;15;43;5;10032;4.56;0;0.022150571;3519114286;4518132857;0.99992;2787772857;30091885.71;7404082857;2281958571;0.805487429
10;21.33;52512;20178;139104;12;45.47;10;14;42;10;15;49;4;17104;5648;0;0.030253629;3506177143;4505;0.817351857;2786697143;26755985.71;8082397143;1867221429;0.798868429
14;27414;87648;24642;100512;3;48.41;6;11;25;12;14;43;4;10064;13488;0.147618;0.548039571;4759624286;3215072857;0.918344571;6259974286;27443942.86;6917818571;2777377143;0.143757429
16;30294;109152;26.37;126624;5;37.19;6;13;36;10;7;17;5;17424;19728;0;0.015465329;3496222857;4495084286;0.227298429;3217121429;32791057.14;13864857.14;4819847143;0.812677143
16;28206;58656;27342;74016;7;23.09;8;12;31;9;8;45;5;16496;9392;0;0.009601729;355522;4554797143;0.697080571;1166927143;27732671.43;4162864286;13587157.14;0.814671286
23;28098;93792;19386;109152;3;22.49;11;10;24;10;13;47;7;11632;10.64;0;0.006505916;3580044286;4580077143;0.99992;6643551429;30704314.29;10057638.57;3900608571;0.816029571
15;27126;103968;27882;108;4;27.23;11;7;44;6;12;42;2;7696;19024;0;0.012078214;3560845714;456048;0.870542143;5072345714;30703514.29;8117704286;11409785.71;0.812365
14;21222;128736;23778;141792;4;45.53;8;11;34;9;10;45;6;17744;19152;0.070780043;0.494499714;4325805714;2837538571;0.741546714;4823922857;26872000;3850482857;9225281429;0.181737
24;24786;78432;22806;55584;9;28.85;14;6;15;14;15;15;5;19888;14192;0.017828843;0.527680429;3777647143;6961558571;0.367315;2038638571;35066671.43;10990614.29;2234758571;0.241771714
12;18882;89.76;22374;94368;5;44.45;13;7;22;12;10;38;7;10128;18.32;0.150269714;0.521977714;4783694286;2918892857;0.99992;4129605714;31642814.29;1143934286;3722371843;0.154406
19;27378;132;20934;95136;10;28.61;9;13;18;12;15;27;3;15344;16752;0.264846143;0.771371857;5083701429;1064995714;0.573733571;9684941429;31746514.29;16525742.86;2238341429;0.0443591
24;35694;113184;35.19;64032;7;47.81;15;6;34;12;10;39;3;11536;7056;0.081247857;0.631453714;4352464286;5533931429;0.99992;282531;31055800;1126987143;5573224286;0.112487
19;20646;62496;34758;135072;4;29.51;11;11;21;12;10;46;2;18.32;13072;0;0.010333829;3551794286;4551318571;0.718307571;4547422857;31293657.14;4760775714;6754542857;0.814437429
13;18306;125.28;33498;131.04;9;25.01;7;9;32;14;13;28;4;16752;6.32;0;0.012800286;3533875714;453314;0.419062429;2344514286;33934585.71;14333014.29;4780732857;0.812850714
16;34794;71.52;30906;90336;3;25.37;14;11;41;13;9;41;6;7.6;6672;0;0.010549814;3569194286;4568988571;0.99992;3566277143;35018042.86;9619505714;17980400;0.813528714
9;22482;69024;20502;117216;8;38.63;10;12;48;15;9;19;3;18256;14448;0;0.028558529;3492204286;4491054286;0.251887857;2749217143;35085342.86;13137628.57;8693038571;0.801294857
22;18162;53472;22.05;60576;12;36.71;7;7;41;6;6;34;3;18.64;12528;0;0.0111023;3502557143;4501444286;0.404759714;1644017143;25134228.57;8029722857;18856771.43;0.816053571
14;33858;76.32;21474;111264;6;30.05;15;5;15;8;13;37;4;12272;9.2;0.107357714;0.650618;455943;5450061429;0.962312857;2776128571;31325042.86;2918165714;7627171429;0.101177857
13;19638;87072;18018;70.56;7;45.29;6;13;47;10;11;41;4;17936;13232;0;0.023179829;3506187143;4505032857;0.919554857;3452971429;21368314.29;2302388571;4509620;0.805100571
23;32706;77664;23202;93984;11;37.37;10;8;48;8;11;26;6;14096;17712;0;0.010810457;3527148571;4526277143;0.844498857;2844118571;28977957.14;3554834286;4945587143;0.815068571
15;20898;68256;29.79;129696;5;35.99;15;12;36;5;13;22;5;7.76;12848;0;0.015963986;350404;4502951429;0.478695;2371882857;33670457.14;17314728.57;3399895714;0.811791286
14;23346;66.72;28314;62112;10;47.33;11;14;48;15;7;49;4;7312;11632;0;0.022493614;3502508571;4501298571;0.99992;2777798571;32502228.57;4106371429;18893628.57;0.805872143
8;28998;138336;29286;79776;4;26.69;12;8;26;12;14;35;6;11024;11376;0;0.022197514;3563648571;4563372857;0.99992;4346337143;31970971.43;6758352857;90455.7;0.803563571
17;26298;135648;26514;91.68;11;43.13;9;15;46;6;14;18;7;16.56;13.2;0;0.016880343;3485161429;4483944286;0.315656143;3316311429;29526957.14;17333057.14;7265458571;0.812108
10;30222;80352;22986;77664;5;43.49;11;13;12;6;8;37;6;17328;5104;0.518608714;0.688159429;5914067143;5444234286;0.791901;4745455714;27959385.71;6783484286;565846;0.067943771
9;30078;89376;26982;123744;11;31.85;14;13;31;12;12;21;3;17.36;15504;0;0.023546;351152;4510531429;0.26376;2447182857;35853471.43;18180285.71;5350947143;0.804545143
17;23994;105312;32418;140832;10;37.61;9;11;18;8;9;43;5;9456;19984;0.307406429;0.741277857;5303675714;7635957143;0.997560857;2753132857;29550657.14;6730178571;5296002857;0.058561229
12;21042;92.64;31446;63072;4;20.93;8;10;25;6;8;44;4;11248;8528;0;0.011604671;3572477143;4572501429;0.947967286;7939678571;26390100;3915234286;12586971.43;0.811960714
14;30186;76896;28.71;67.68;12;22.79;9;8;18;9;7;27;7;4848;19.76;0;0.0108308;357874;4578742857;0.99992;274291;34244342.86;9773160;9879771429;0.812315429
19;21474;140.64;31806;113376;4;35.69;8;13;35;7;11;16;4;5.52;9008;0;0.012498143;350156;4500438571;0.492728143;2947447143;32348971.43;18922528.57;401816;0.814982
21;28278;66144;29.61;84192;10;43.37;9;11;37;13;11;43;5;6736;18704;0;0.013741157;3510668571;4509525714;0.99992;2761382857;31731585.71;6763318571;10301614.29;0.813251429
14;31.77;131.04;20862;139488;10;47.57;11;13;26;14;14;27;5;15472;10832;0.371528;0.672603;5478674286;5196458571;0.406024857;2301221429;34857885.71;18484457.14;2239177143;0.0760845
24;18.99;50016;26.19;135264;7;26.03;10;15;14;5;8;22;3;12.56;12176;0;0.007216229;3566305714;4566058571;0.714999286;2858111429;32049200;19026928.57;1376975571;0.816575286
24;33102;84.96;24318;106272;11;39.11;9;12;14;11;7;21;6;7792;8656;0.410876857;0.824637286;5570621429;1302918571;0.807380571;1320128571;33841514.29;12145457.14;2236575714;0.032742114
12;19422;112224;19.35;123552;3;35.45;14;14;15;11;9;14;3;12752;4592;0.399937;0.722812143;556479;6560607143;0.317126286;4412428571;37534842.86;25759728.57;2237968571;0.061414071
20;33678;105888;21114;85728;3;20.87;9;10;15;8;10;32;3;6128;8.24;0;0.180068;3584884286;2871737143;0.99992;3373917143;33040685.71;15827457.14;3921647143;0.536784571
18;31878;59424;21258;103392;11;30.95;9;13;13;13;13;30;2;4528;17008;0.072520729;0.660055571;4339902857;6546982857;0.992304;4719127143;35117057.14;21112785.71;2932325714;0.107150857
22;19818;142752;30402;143904;2;22.73;11;9;49;8;6;39;6;19056;15184;0;0.006874267;354766;4547157143;0.432423571;1907668571;32796800;4837147143;7392412857;0.817551
17;26.91;108384;26118;100896;9;45.59;6;6;40;5;5;31;6;12688;15.44;0;0.017846557;3481541429;4480775714;0.379291;2660148571;23721971.43;2042505714;7521304286;0.811330571
19;35298;68.64;30.33;141216;10;29.21;7;9;41;6;11;29;3;18544;5584;0;0.010228786;355466;4554245714;0.532691857;282198;28715914.29;10471428.57;5847638571;0.814367
19;22986;108768;23958;112032;3;38.27;7;5;13;13;5;12;4;15.76;17392;0.518454286;0.832356714;5807717143;1305008571;0.193393714;4548198571;37069085.71;8598258571;2236465714;0.0305819
15;30.87;134688;18882;87456;7;27.35;6;13;17;12;7;19;3;13328;19216;0.299213286;0.762357143;5239792857;925033;0.546901286;1042404286;32353085.71;13587700;2237142857;0.049222257
12;29178;133536;28458;111648;5;36.83;14;7;22;12;12;34;5;17.84;14544;0.315736;0.668406429;5335044286;5229368571;0.700344429;7717891429;33094442.86;4340281429;2044235714;0.0800053
8;31086;96864;24174;130464;10;26.81;5;12;46;11;10;30;7;18128;5168;0;0.022297443;3545052857;4544505714;0.548867286;1710891429;30184600;11964914.29;5027142857;0.804208857
16;33246;81312;34146;68256;5;37.43;14;13;49;13;11;47;3;19856;8208;0;0.015565057;3511112857;4510061429;0.677211571;924963;30115685.71;1620972857;8355345714;0.811664571
18;18126;79584;33174;81504;10;40.61;10;12;49;5;13;15;7;4464;16528;0;0.015011143;3500834286;4499648571;0.636698857;1702444286;30637600;16186742.86;8489901429;0.812933429
12;23022;50784;25506;139872;4;42.29;7;12;27;9;13;29;4;18736;17072;0;0.023448171;3489585714;448837;0.307501429;208724;29516428.57;12779814.29;2587725714;0.805953429
16;29754;118944;18.45;88.8;11;35.75;10;7;23;7;10;35;3;13712;7152;0.187803429;0.681062857;4876817143;6009827143;0.904829286;2934721429;27416228.57;1841170;4433471429;0.081765414
12;25506;61.92;29934;108384;11;23.27;11;9;19;9;8;18;5;19664;8176;0;0.0129021;3578111429;4578061429;0.506124714;2760245714;34865371.43;12370014.29;8183497143;0.810697857
13;34974;82464;34614;130656;4;25.31;6;15;41;14;6;32;7;12336;15568;0;0.012953843;3536427143;4535765714;0.511028429;2156144286;32224200;9546632857;4712212857;0.812619286
17;33498;83.04;35442;143712;3;44.99;15;7;40;8;14;44;5;12816;10512;0;0.017608271;3494632857;4493422857;0.726380571;1128557143;30828257.14;2465244286;5540635714;0.810844714
22;28386;133.92;19746;114.72;7;25.43;12;7;20;11;15;19;2;18288;12688;0.072315429;0.656949857;4239255714;9494171429;0.283689286;2168225714;35618528.57;18860600;2237297143;0.121549286
21;24.21;48864;25866;58.08;2;45.65;10;8;29;5;14;16;4;8144;8112;0;0.014463557;3485571429;4484331429;0.709828714;1647141429;27625414.29;7538434286;1945274286;0.814108857
12;21906;127968;27954;48288;10;37.91;13;12;13;6;12;16;3;11.44;6;0.573866857;0.784452429;5975248571;9145914286;0.899905429;2757477143;32074157.14;15404057.14;1120327143;0.042561686
15;33.75;73.44;30.15;107232;11;49.91;7;8;37;13;6;40;3;18032;17104;0;0.022138614;3476562857;4475351429;0.332015714;1834195714;30027385.71;5623605714;2161097143;0.807772571
23;25794;67.68;29178;98592;9;24.17;13;11;42;7;5;14;2;13.68;16592;0;0.006991921;3574284286;4574112857;0.682811429;4025564286;35709757.14;13638457.14;16468985.71;0.816175857
12;32418;97632;31266;140256;4;32.45;9;7;45;14;6;21;6;17808;18864;0;0.0179921;3507208571;4506158571;0.229206286;3809581429;35577214.29;3821720;4225734286;0.809689857
23;20682;121.44;30294;127776;8;21.83;14;6;42;8;5;50;6;16816;4016;0;0.006315039;3539044286;4538375714;0.447609714;332871;34323114.29;4559932857;14323228.57;0.818006857
17;32562;65952;25182;115296;11;49.19;7;7;28;12;13;43;4;13488;7.28;0;0.019252114;349711;4495847143;0.929992143;4652598571;25799442.86;1734055714;781263;0.809082857
10;18918;69.6;27486;95904;11;21.17;14;7;26;5;6;23;6;8304;4464;0;0.014085343;3583888571;4584135714;0.885068714;2769262857;33490271.43;4403387143;6589594286;0.809087143
21;32166;141984;20322;73248;8;44.27;10;14;14;12;12;40;6;15664;11.76;0.661659571;0.871025286;5995084286;1816064286;0.99992;2747631429;29693442.86;10251914.29;2857158571;0.022125771
19;32922;106656;18.99;139296;10;44.33;10;14;43;10;13;20;5;5424;8.4;0;0.015523843;3486058571;4484821429;0.5475;2717354286;33300557.14;17761542.86;7718141429;0.813286143
16;27486;75552;35334;99552;10;47.15;15;5;16;14;11;39;4;14.64;16656;0.369156571;0.713989143;5521902857;6213748571;0.945083857;3263798571;32461214.29;5026068571;1812724286;0.0666432
12;20286;137952;22482;49824;8;22.13;13;11;12;8;9;46;4;14448;4144;0.360968143;0.780788857;5486027143;1021875714;0.99992;2941638571;30020757.14;5635034286;8501147143;0.043009186
8;23274;129312;30186;117024;2;29.57;9;6;24;9;14;44;3;15184;4048;0.004638013;0.281247857;3672822857;1471321429;0.810457;8020705714;28795342.86;3956011429;5974277143;0.447304429
11;32.13;60192;35514;96.48;4;27.95;6;9;47;7;8;24;4;17648;13.68;0;0.016905714;3558341429;4557997143;0.648421286;3671958571;28596100;6260877143;14088171.43;0.808310571
14;32202;51552;21186;49632;6;44.69;6;10;38;15;8;31;5;19408;17296;0;0.021239014;3490185714;4488971429;0.493064857;1334071429;28176900;1190668571;9597430;0.807839143
18;18738;112.8;20.79;134.88;6;31.97;13;13;27;9;13;40;4;18064;7696;0;0.011817286;3544694286;4544117143;0.737159;3046115714;30651542.86;11247185.71;2813935714;0.813538
24;30.33;137376;23742;84;11;47.63;9;11;44;6;10;42;5;13744;6608;0;0.014318186;3502311429;4657702857;0.925428714;2786084286;22334471.43;8277385714;1002061143;0.806555857
11;35946;54816;35226;68832;3;24.11;10;8;39;12;7;29;5;18416;8432;0;0.014583229;354078;4540117143;0.473000286;2014547143;32807328.57;1315401429;15711071.43;0.810968
20;23094;54048;24.03;56544;5;28.01;10;14;36;10;12;27;6;14544;7984;0;0.009318117;3558795714;4558462857;0.920909571;3287614286;28839357.14;9365630;11020757.14;0.814989714
22;30618;102048;21.87;79.2;4;25.73;14;13;30;8;7;22;3;5.04;11536;0;0.007781519;3567554286;4567298571;0.99992;2819828571;35114714.29;15561114.29;6310902857;0.816019429
15;23598;106272;20214;66528;4;23.33;9;11;48;13;14;14;4;6928;18512;0;0.0103483;3560942857;4560615714;0.774891857;9082775714;34442185.71;19683071.43;13781342.86;0.813825714
11;21006;97.44;24714;105888;9;46.43;11;14;43;13;7;32;5;18.16;12944;0;0.028083929;3502968571;4501794286;0.726073714;335142;31065957.14;3527525714;3510155714;0.800852857
20;31986;49056;24.57;49.44;5;39.65;6;9;13;7;6;16;3;11216;7024;0.175614;0.717384857;4839898571;6933918571;0.784997429;2908771429;27385357.14;2438892857;1005136143;0.074720414
15;30978;114.72;20.25;71712;4;37.97;9;8;18;10;6;27;5;17616;9488;0.386466;0.748343571;5523514286;7636112857;0.494869;1915085714;31542528.57;1882190;9376464286;0.054376329
9;23778;132192;26622;75168;3;21.95;7;11;32;10;13;46;2;6832;4.24;0;0.0162269;3581378571;458154;0.99992;2854461429;32274542.86;18025600;16819971.43;0.807372286
21;28134;136032;20.61;137952;4;45.89;8;6;35;7;13;31;5;13648;11664;0.135352143;0.649944143;4595534286;5517367143;0.546892571;1649117143;27935228.57;5394147143;2171808571;0.092539
18;23922;63648;29538;89568;10;38.09;9;8;24;11;13;48;6;14.48;11248;0;0.014079614;3524905714;4523985714;0.999123571;2766611429;26346171.43;6631432857;5997575714;0.812277286
9;19854;78624;19566;116832;6;31.07;8;7;29;15;12;15;4;4752;19.44;0;0.022969357;3518184286;4517274286;0.415767714;2033888571;35936757.14;16355300;2148118571;0.804936286
22;18018;68448;27846;106464;9;35.27;7;13;28;6;15;50;4;14416;18416;0;0.010666714;3533972857;4533167143;0.971861429;3340658571;20698900;7845557143;1462455714;0.814806143
9;25614;98016;32382;116064;11;33.29;11;12;17;14;10;17;3;9776;10736;0.223167857;0.568026857;5035507143;3419465714;0.368579571;2685575714;36773300;19415757.14;2236052857;0.124416
9;24318;97056;21366;56736;6;21.53;13;12;48;11;13;25;2;4496;17.36;0;0.015916414;3582722857;4582824286;0.990999143;474807;36542414.29;24348557.14;29067157.14;0.807431714
24;21762;76128;26082;140064;8;26.87;7;14;27;9;10;43;6;12624;6.64;0;0.007449104;3562981429;4562704286;0.895891714;2765857143;27810371.43;10293371.43;7831868571;0.816537
19;21726;125664;28062;134112;12;22.01;13;13;44;6;15;39;6;8.24;9904;0;0.007707486;3580978571;4581128571;0.99992;2755617143;32199271.43;19008571.43;7284178571;0.814822429
14;21582;121632;18522;50592;6;28.19;13;10;14;7;5;31;4;5648;17776;0.353568857;0.769472286;5467917143;9199821429;0.99992;2743574286;35095214.29;12511571.43;11193614.29;0.047691571
15;24966;122208;27558;93408;9;27.59;10;5;28;9;15;24;3;7472;18.16;0;0.0122379;3560388571;4560055714;0.99992;3652288571;31945242.86;9629435714;1744761429;0.812335857
20;31446;78048;29862;81312;5;33.17;15;6;15;10;10;16;4;7248;14512;0.197148857;0.746626;4865907143;8688941429;0.652928;1334277143;35629171.43;7558404286;2236595714;0.058577614
9;20862;55584;21.51;104.16;11;21.65;11;10;25;8;9;25;6;7.44;13776;0;0.016005143;3581885714;4582048571;0.99992;2749368571;32849242.86;12337300;6039382857;0.807461
20;27738;119136;33822;65376;5;46.37;7;15;48;13;10;18;6;5232;9072;0;0.015426214;3504227143;4503031429;0.99992;2786351429;31393957.14;10407242.86;395975;0.812046
19;24894;140448;34794;101088;5;48.29;14;14;45;14;8;25;5;15312;18192;0;0.017010614;3479451429;4491882857;0.339939286;2257208571;33956785.71;6109264286;1241024286;0.81161
16;23454;65568;33066;99168;11;36.23;13;14;19;12;7;18;7;9584;6032;0;0.015066114;3498838571;4497714286;0.487549143;4072792857;35304328.57;12490971.43;6740994286;0.812852857
17;19.17;61344;26478;101856;7;34.49;8;15;33;9;12;44;7;13904;17264;0;0.0134988;3535985714;4535238571;0.961905429;3023048571;25765885.71;8157198571;3311984286;0.812249429
13;21.87;131616;23346;92256;4;29.09;9;9;24;11;12;48;3;15152;12368;0;0.048463057;3555642857;6720298571;0.891855571;5234022857;26960871.43;2012540;2859537;0.727107571
10;30.15;91488;31554;51552;2;45.77;14;8;47;11;12;18;5;12016;16144;0;0.030453371;348595;4484718571;0.510192286;162268;32390985.71;3041534286;2412924286;0.799928429
15;22.41;127584;22.23;94.56;4;31.67;10;13;16;6;9;39;5;12.88;9.36;0.372744714;0.768940714;55171;9054205714;0.959860857;4768737143;27696457.14;9118008571;6101087143;0.047484971
22;27702;127392;35622;85344;5;24.35;6;7;42;10;7;12;2;10.32;15952;0;0.00736422;353091;4530152857;0.269188286;2761981429;34526114.29;10351742.86;6736140;0.817682571
12;33966;63072;28854;54624;12;44.81;13;14;19;8;9;39;7;5712;18544;0.121367429;0.505198143;4683107143;2731102857;0.99992;27602;32507942.86;10314657.14;8455614286;0.169977
14;30798;66912;28602;90144;10;30.71;9;14;40;11;9;41;5;11824;9104;0;0.0145949;3549667143;454918;0.99992;2764697143;29003900;5512854286;7703197143;0.810877
13;28.35;57.12;21546;86304;9;27.89;8;8;21;15;14;13;6;18352;12.88;0;0.014274386;3516991429;451606;0.243951;4409611429;35872285.71;18991857.14;1502367143;0.812378
9;35.01;104544;20466;97056;11;34.31;8;8;20;9;12;14;2;17456;19888;0.198239143;0.539556714;4947461429;3096074286;0.210201857;2445984286;33908642.86;16726957.14;2236421429;0.137436857
16;31806;119.52;23022;124.32;6;24.23;9;12;21;5;8;17;4;8208;12912;0;0.0100758;3536265714;453555;0.4373;2353892857;32704914.29;18312271.43;9982274286;0.815157714
22;28314;96672;33282;119.52;9;21.41;13;12;49;15;11;47;5;9136;7.76;0;0.006475003;3583017143;4583254286;0.99992;2758838571;34872885.71;12103585.71;14339485.71;0.815779429
23;34038;49632;35046;128736;7;48.77;6;13;27;15;13;22;3;13808;16208;0;0.0141085;347312;4471882857;0.257515714;2991671429;33184542.86;13605442.86;2099271429;0.815194429
19;18054;143.52;29646;55.2;10;48.17;12;10;36;8;14;35;5;14704;8336;0.133215857;0.612986714;4615892857;4566775714;0.959189857;2777014286;26438028.57;2687571429;2410802857;0.109436429
13;23742;94944;30798;70176;6;36.95;14;6;14;7;14;33;4;10.8;15344;0.401186571;0.731504571;562707;6890175714;0.99992;3019381429;31371285.71;6343445714;4124407143;0.0596056
13;34722;79008;22698;89376;11;21.23;8;10;21;12;11;36;6;7216;10928;0;0.010865514;3583375714;4583614286;0.99992;275284;33511571.43;14583542.86;9725921429;0.811898429
18;33642;62.88;28278;143328;2;26.39;12;6;46;10;5;24;5;19.76;10768;0;0.009754663;3560994286;4560685714;0.536237143;5913118571;35371085.71;1938102857;12948100;0.814522857
22;24498;111264;32706;120864;12;31.91;7;12;30;10;7;31;4;4976;16048;0;0.00965052;3544791429;4544212857;0.99992;2754545714;32174457.14;10440885.71;1224074286;0.815442143
23;29826;103008;25938;89184;5;46.67;12;12;12;12;14;28;4;6352;19696;0.633457429;0.868679286;5988014286;1741858571;0.99992;3359174286;35943871.43;22872828.57;1802047143;0.0229737
8;26262;113.76;35.91;81.12;2;20.03;6;11;31;7;9;47;4;4784;7824;0;0.016658414;3588521429;4588865714;0.99992;483712;32047300;17991800;23639785.71;0.806701286
15;25146;63456;18846;53856;3;20.33;15;7;44;14;11;13;6;8176;16.4;0;0.009017539;3567482857;4567402857;0.750236143;125991;36141085.71;11992400;22407185.71;0.814342857
10;21834;77.28;23382;116.64;7;24.05;11;12;45;15;13;29;4;15024;15632;0;0.0160015;3548185714;4547625714;0.512042143;1319934286;34297842.86;15142957.14;8477842857;0.809422429
12;24138;61152;26442;90912;11;40.85;9;12;24;6;8;45;4;12.72;19856;0;0.0226496;350616;4505032857;0.731860857;7567791429;23796857.14;1255811429;1522627143;0.805749
22;18378;133728;19638;63648;5;43.31;5;8;22;14;11;34;4;4688;4272;0.375063;0.780094;5476315714;981242;0.99992;2788938571;34129614.29;15418857.14;7010818571;0.043631814
11;26226;83424;30834;88992;10;39.17;13;5;44;14;7;25;6;19472;7.44;0;0.023730943;3520804286;4523608571;0.615935143;3181292857;33355085.71;1540594286;2933870;0.803855571
10;25254;62688;26874;64416;4;34.01;11;14;29;5;5;46;3;14736;14;0;0.0226286;3506421429;450536;0.365634429;2060211429;30196428.57;7539452857;19917014.29;0.805605714
16;34686;50976;27918;118752;9;36.35;13;13;32;10;13;17;6;17136;9552;0;0.015116014;3492157143;4491007143;0.241427571;5140391429;35409485.71;19399771.43;4337460;0.813185143
13;28494;119904;33534;78816;4;29.81;10;10;20;11;5;24;2;4336;6.16;0.153325286;0.654028143;475515;5433151429;0.99992;2775332857;35371257.14;9001344286;9127852857;0.093241571
14;32994;90912;34398;136992;3;42.35;5;12;18;9;9;44;4;17232;16.08;0.337760571;0.690449714;542292;5628695714;0.714680143;6061327143;26641557.14;6393204286;3954128571;0.074288157
21;23.85;102624;30654;50976;11;25.67;14;13;46;11;8;41;6;19504;12816;0;0.00813305;3542942857;4542358571;0.571232714;1359181429;31870042.86;4275467143;17590842.86;0.816621857
21;25.65;134496;23526;129888;9;41.81;9;8;49;13;7;41;3;19.28;11984;0;0.013246843;3512234286;4511158571;0.718794571;3984834286;30000957.14;19158.3;123425;0.81352
19;30942;117216;26838;108768;12;26.15;12;14;27;10;12;34;5;18672;14704;0;0.009157197;356552;4565287143;0.770956;2801464286;31414900;11750885.71;5633317143;0.814911143
15;34.47;115104;32.85;98976;12;29.69;6;10;43;11;14;19;4;16432;5488;0;0.013169529;3514264286;4513304286;0.362238857;3112665714;32584800;16384428.57;3030472857;0.813615143
18;29682;56544;18126;113952;7;38.81;13;8;48;8;5;49;2;11728;7952;0;0.014345771;3496575714;4495442857;0.551000857;1581237143;31921771.43;9582814286;18507300;0.813592429
11;35334;100128;19.89;124512;11;41.93;14;7;45;13;12;49;5;7408;9.68;0;0.025362029;3514081429;4513008571;0.99992;2777132857;33360557.14;4035004286;5240721429;0.802857857
18;30906;138.72;22.77;60;7;20.63;13;14;44;9;13;31;5;10768;7472;0;0.007625573;3585764286;4586071429;0.99992;2758025714;32033985.71;15233014.29;12393300;0.814670143
18;27558;108;27666;136224;11;47.03;12;8;38;11;14;47;5;7056;14576;0;0.017384071;3503151429;450193;0.99992;2770858571;31522071.43;5488710;2774397143;0.810345857
17;35514;122.4;35946;50784;2;42.77;10;6;19;14;15;23;4;4.56;16784;0.466864571;0.780146286;5745632857;9106125714;0.896180143;7959902857;36360342.86;17496242.86;2924605714;0.044111071
14;32454;138144;30762;74976;3;35.63;12;15;22;8;6;26;5;19216;7344;0.324091;0.716187;533173;6662185714;0.521233286;164367;32662228.57;10542357.14;6365957143;0.064350086
14;34506;132.96;23922;66.72;10;32.63;11;11;28;9;10;46;6;8816;15664;0.0265285;0.501783143;3960132857;3668178571;0.99992;2756804286;30979214.29;7337454286;4594470;0.229142143
11;27.81;66528;24.21;131616;6;32.75;11;15;13;10;14;16;7;10224;7568;0.186456429;0.625927286;4899814286;4303102857;0.348106429;5623155714;36102771.43;26811871.43;2235602857;0.109607286
20;25434;49.44;32.13;56.16;6;29.15;9;7;23;9;12;47;2;9072;17552;0;0.009697381;3554465714;4553971429;0.872113857;5062462857;29954142.86;5015741429;19497157.14;0.814896
16;26802;85536;33786;102624;8;35.09;12;13;49;6;14;13;3;11152;6576;0;0.014592071;3492148571;4490994286;0.281352;4827698571;34521500;22591914.29;9847351429;0.813638857
13;34.83;49248;31194;105.12;2;34.79;7;10;26;13;14;21;5;14896;14128;0;0.017805714;350537;4504295714;0.332890143;272434;33374628.57;14435185.71;1505130;0.809970143
19;18198;97248;22878;106656;6;45.17;5;11;34;6;14;13;6;4112;11216;0;0.015817886;347636;4475131429;0.358546714;5119791429;28278114.29;19020300;6419048571;0.813657571
11;21438;141216;20.07;132.96;3;44.39;11;6;36;9;5;28;7;18512;15408;0.071789057;0.408412571;4355197143;2025588571;0.630239571;6876675714;32204271.43;1140242857;8856144286;0.227701571
21;26442;67104;31374;55776;9;39.41;10;10;46;5;10;44;3;12208;11952;0;0.0124864;3520801429;4519822857;0.99992;3459167143;23426442.86;8091871429;14497700;0.813879571
21;27594;84192;28782;126432;7;30.89;11;11;28;15;9;48;4;18.96;10704;0;0.009786899;3546982857;4546468571;0.808676714;3893732857;31220671.43;1954940;6902355714;0.815142429
21;19458;90144;34434;98016;3;44.57;12;10;39;10;6;32;6;10.64;17168;0;0.014121371;3485351429;4484151429;0.455372143;2185958571;31787128.57;8885398571;1936097143;0.814423714
13;31374;126.24;19.71;116256;6;35.87;15;5;20;14;6;43;4;11.92;6096;0.336573571;0.70623;5388087143;6224001429;0.782585429;1241417143;34593628.57;2942591429;3366498571;0.067774071
14;34074;126816;29502;70752;6;29.63;15;10;14;8;14;35;6;5136;10224;0.446745286;0.796377714;5722138571;1051552857;0.99992;2748451429;36564842.86;23562371.43;10415900;0.039540857
22;20934;93216;22158;103968;8;48.65;14;5;36;14;10;42;3;7.92;17.68;0;0.028111914;3500078571;553535;0.99992;3676395714;32716314.29;2971665714;1276665714;0.776529286
15;26154;76704;33426;114528;4;45.41;11;14;39;8;14;13;3;14832;4784;0;0.020142486;3468552857;4467342857;0.205082714;6336692857;34246257.14;20999728.57;1997681429;0.810247429
17;22.59;135.84;22302;140448;3;36.11;14;11;24;14;15;30;6;11504;18128;0.219559714;0.702960714;4946364286;6723935714;0.482418571;1820244286;35258200;17073571.43;2033277143;0.070831657
19;34866;117792;27126;88608;7;39.59;6;12;34;14;9;21;3;18.8;7376;0;0.013866157;3494852857;4494091429;0.393092571;1942364286;31787600;7613528571;988609;0.814077286
23;26946;125472;24966;54432;9;39.29;8;11;25;9;9;25;6;6256;15.28;0.221202714;0.739473429;4937914286;8621311429;0.99992;2758968571;31357900;10571842.86;9195868571;0.056584257
16;20.79;142368;32.67;54.24;8;25.97;5;11;43;11;8;49;6;19152;12144;0;0.010799343;3541097143;4540488571;0.574664143;1403991429;26821285.71;2505462857;13990300;0.814335571
19;18.45;98976;29.07;102048;11;30.65;10;14;26;10;10;22;4;13232;15.6;0;0.010733114;3521315714;4520402857;0.437483143;1667497143;32927914.29;15096314.29;2639388757;0.815454571
17;29286;120096;21654;126816;5;34.43;13;7;39;14;7;32;2;15856;6928;0;0.013475357;3510207143;4509182857;0.527533143;1444471429;33358728.57;1763477143;4779318571;0.813463857
23;32958;88.8;23598;115488;4;28.07;7;10;37;7;9;18;3;19344;14832;0;0.00812008;3558128571;455777;0.591312714;292935;31511128.57;13988728.57;4676540;0.816013
22;33.03;124.32;19422;84768;4;46.49;10;14;49;5;9;35;4;8592;17808;0;0.014060129;3503181429;4501987143;0.981031429;471122;25241700;5712984286;1151248571;0.813325429
10;31554;89184;31482;137.76;10;24.77;6;10;20;14;8;50;6;10384;4496;0;0.0164805;3572;4571817143;0.99992;2770524286;30776985.71;3458932857;3610227143;0.808137857
11;20178;119712;28026;91296;9;27.17;8;12;35;7;6;18;5;10736;5616;0;0.016433929;3562028571;4561731429;0.722967286;277371;31206900;10791257.14;2059577143;0.808683857
12;28026;139296;21.33;142368;11;26.09;13;6;15;7;10;50;4;16.4;18256;0.361344429;0.757472;5494645714;8547524286;0.886343857;3229845714;30520557.14;2833527143;4588052857;0.050569586
20;33066;97824;19782;52512;9;28.73;10;12;33;11;10;18;3;17552;14672;0;0.009557649;3556292857;4555902857;0.766319714;3374074286;30921371.43;8471487143;2217471429;0.814814714
12;19962;85.92;25.29;62.88;8;32.69;13;14;44;8;8;20;4;5264;6864;0;0.018125014;354204;4541412857;0.99992;2777227143;33684057.14;14289885.71;13346642.86;0.808099714
23;33138;69984;35154;126.24;6;28.55;12;6;14;13;12;38;6;8656;10128;0.034758443;0.601691714;4005235714;7826435714;0.99992;2761797143;33700414.29;4529105714;3629842857;0.174071714
19;33282;81888;29142;135648;7;48.11;14;9;26;13;9;17;7;11568;5.52;0.083771171;0.596891;4364351429;4224244286;0.279474286;7282032857;36274442.86;9089538571;2236347143;0.129495286
10;21258;63264;18774;120288;12;32.81;5;5;39;15;9;16;4;4432;7792;0;0.021830114;352159;4520747143;0.694806143;1742835714;34686385.71;7709528571;8951725714;0.805886429
21;18594;89952;18378;79008;12;25.19;7;7;44;9;13;40;5;11952;8048;0;0.007980947;3569897143;4569687143;0.99992;2760878571;26862042.86;6135727143;14336871.43;0.815690714
22;24.75;81696;32562;58656;5;47.27;9;12;32;13;13;13;6;10512;9424;0;0.0142961;3476281429;4475047143;0.417805286;3549912857;33084771.43;12394057.14;22922.1;0.814857286
23;34398;67872;25.83;136608;4;47.45;13;14;50;7;13;49;2;7728;7184;0;0.013726571;3502577143;4501348571;0.99992;3253204286;29535957.14;9164731429;6037975714;0.813600286
17;26658;126624;25326;126048;6;32.27;14;8;29;11;13;33;5;9328;7408;0;0.0126299;3533828571;4533121429;0.913157857;8687967143;33107342.86;7365564286;1049672857;0.813384571
16;25002;99168;33.03;70944;7;23.39;5;5;22;12;10;26;2;17872;5072;0;0.00972644;3577832857;4577811429;0.701157;3722628571;28787900;6873054286;2130644286;0.813584857
11;26694;92256;24678;65184;2;26.99;7;14;32;6;11;38;4;14.32;19184;0;0.016325114;3537735714;45371;0.564272286;1058344286;24919700;11005371.43;9148567143;0.810061714
16;19206;124704;27378;79392;11;31.61;9;9;18;10;12;49;4;11312;4.4;0.260871286;0.735320143;5128852857;78927;0.99992;2771882857;29784757.14;7020348571;3773881429;0.059239986
18;19.71;55968;29214;122016;11;39.77;12;14;18;13;6;30;2;19536;18736;0;0.014708114;3516972857;4517135714;0.631061143;5058108571;33271814.29;6061027143;5563691429;0.812018571
10;35442;103.2;34.29;127008;7;27.77;11;8;23;8;7;39;2;4.4;9296;0;0.018476543;3559602857;4559265714;0.99992;2956907143;34229814.29;7220355714;3983715714;0.806939286
15;28818;78816;23418;104352;4;35.93;13;12;42;7;11;36;7;17008;4.72;0;0.015937257;3531782857;4530992857;0.714071857;3777175714;29484714.29;6904272857;4180208571;0.810348714
16;22014;82.08;30114;100704;9;41.99;7;5;36;13;8;42;5;15.6;7.92;0;0.017727714;3497572857;4527118571;0.685326714;1265034286;28209142.86;4345690;1135502857;0.809279429
11;34434;99936;35082;77856;9;25.25;12;10;48;10;13;37;4;12528;15536;0;0.015272729;3569841429;4569642857;0.99992;296974;30348171.43;5574155714;8970872857;0.809331
17;19494;130656;18738;116448;7;24.29;12;8;42;7;7;27;4;7088;15.76;0;0.009506554;3573808571;4573634286;0.99992;2748914286;32717700;6648681429;5731692857;0.814007857
8;27162;56928;28998;123168;4;28.79;5;8;35;8;6;42;3;12144;12112;0;0.0239442;3528032857;4527218571;0.558379429;143299;26938771.43;9635404286;9101027143;0.803412571
14;30.51;108192;25362;87072;10;31.01;12;14;30;11;8;22;3;8944;15088;0;0.014737557;353347;4532747143;0.746929857;820743;33038171.43;9919522857;3396527714;0.811522429
17;22878;134112;22.41;91872;11;33.71;14;12;23;10;11;46;4;6864;16944;0.191434857;0.698659714;486177;6880081429;0.99992;2759427143;34395842.86;15063914.29;5475368571;0.071857757
12;26622;57888;22518;93792;3;32.93;7;9;41;9;15;49;4;7536;4944;0;0.018258114;3541215714;4540582857;0.99992;3190792857;29227000;12500385.71;20002871.43;0.808006429
18;24.93;78.24;31914;70368;11;23.03;8;11;16;11;12;24;6;18896;8752;0;0.008512663;3579104286;4579131429;0.723330714;27581;30191900;9076180;114595.5;0.814492
13;34578;93024;35982;109.92;2;26.33;8;9;17;12;12;38;4;4592;4368;0.005015996;0.399949429;367352;3280891429;0.99992;3357915714;34762800;15725814.29;4164498571;0.349789429
10;32742;129504;21582;138912;6;43.25;12;11;40;8;11;40;4;7888;5552;0;0.028776514;3510981429;450985;0.99992;2791544286;29991428.57;6129792857;207292;0.799988
23;19314;93408;31842;131808;2;20.27;7;15;27;9;11;27;3;5008;16112;0;0.005863693;3575554286;457556;0.866787;7527517143;33608785.71;23915357.14;5785012857;0.816855714
18;22698;71712;21006;122208;4;46.73;15;11;35;8;14;32;6;13.2;15696;0;0.017273214;3487455714;4486202857;0.562288429;1482714286;31175100;8803481429;1351458571;0.811505
18;22914;107808;35766;74208;9;42.89;5;6;24;13;9;48;5;4016;17584;0.200285143;0.677911857;4914955714;5729424286;0.99992;275826;33106057.14;5369584286;10697342.86;0.084169814
18;31914;106.08;32958;115.68;9;34.67;5;13;39;7;10;49;6;18384;14384;0;0.012815343;3535298571;4534577143;0.801692;2945614286;21150757.14;4416354286;1466067143;0.812911143
20;25074;87456;25398;60384;5;36.89;13;12;27;14;7;42;5;8.4;4176;0;0.012272371;3528947143;4528105714;0.99992;2791518571;33357900;4020277143;7775870;0.813726286
20;22.05;54.24;30.69;63.84;5;26.45;14;6;40;8;12;28;7;6512;18832;0;0.008799153;356426;4563985714;0.99992;3265381429;34042528.57;9135280;23155642.86;0.815261286
15;28.71;117984;27702;66144;3;33.77;11;7;50;10;10;12;7;9808;16272;0;0.014979343;350702;4505961429;0.361457714;33576;34455471.43;8841525714;5686642857;0.812337714
10;27954;90528;32922;60192;3;48.59;13;8;16;13;9;34;3;11184;5936;0.472293714;0.623659143;5800002857;4171445714;0.998753857;6561942857;32656357.14;1418480;8886702857;0.085754471
14;33786;84576;25002;104736;10;36.77;10;9;31;12;12;36;5;5392;12304;0;0.017474757;3529207143;4528351429;0.99992;2766758571;33440342.86;10256600;4637830;0.809116714
20;34614;53856;18.63;53.28;5;38.15;11;10;16;6;6;25;6;19824;19568;0.010870263;0.479821143;3718464286;412117;0.646082571;8181117143;28462800;1220678571;6886897143;0.278942
10;33.21;79.2;29466;127968;7;26.51;7;8;40;12;5;46;4;8.88;14896;0;0.017638257;3536817143;4536148571;0.608225857;1409551429;32585171.43;1377970;13147557.14;0.808549
13;30114;67296;34.11;117.6;12;33.47;10;13;46;6;11;40;6;8688;19.12;0;0.017130029;353925;4538565714;0.99992;275286;28180185.71;9012317143;7823967143;0.808992857
24;29502;64608;21978;134496;9;39.47;5;13;16;15;12;38;3;5296;12.08;0.157929571;0.730023857;4722518571;8184218571;0.99992;2769614286;33203128.57;16678128.57;1217215714;0.065068629
20;33714;127008;27234;94176;7;42.17;6;7;32;14;11;23;3;8848;10992;0.108433714;0.640414143;449268;547015;0.720690143;1052392857;31586542.86;3976625714;2236470;0.099215986
12;19098;80544;31626;105696;8;32.03;8;11;34;10;14;15;2;4.08;12464;0;0.0177592;3518441429;4517495714;0.573165143;1534188571;34248400;21264828.57;4148402857;0.809609143
24;24102;54624;18234;136.8;9;31.37;12;6;38;12;11;24;3;13456;7504;0;0.008696637;3514952857;4513997143;0.434823143;213539;34794357.14;8920042857;6881437143;0.817494286
9;18486;79968;34.65;93.6;4;49.49;14;12;24;15;10;20;5;17776;14768;0.082704371;0.267550286;4471212857;1196132857;0.287824143;2986732857;35151685.71;9474598571;2235378571;0.305816571
14;32634;123936;32058;78.24;10;21.35;12;8;35;6;7;28;5;13.52;11504;0;0.0101464;3583084286;4583321429;0.823509143;2825322857;31278357.14;2917898571;5706511429;0.812566429
15;27198;59.04;27.99;141024;7;47.21;12;11;20;12;6;46;4;5808;13456;0.044536571;0.496990286;4142164286;2840785714;0.99992;2773767143;32924428.57;2038041429;5538525714;0.205652429
14;24066;136608;20.97;50016;6;47.93;12;8;38;13;12;18;3;4.88;6512;0.0826956;0.486610857;4402811429;271492;0.99992;2796871429;33936685.71;7990787143;8486684286;0.180531571
10;22842;71136;25902;75.36;9;45.35;13;12;39;12;6;20;2;16464;4752;0;0.030173771;3505575714;4504431429;0.606167429;337053;32725928.57;2484505714;2168632857;0.798955429
14;27846;77472;27306;142752;7;22.67;12;9;30;7;8;33;6;19.44;11184;0;0.010773743;3579158571;457919;0.622513429;3112891429;32885814.29;8465805714;3858755714;0.812354429
17;23238;64.8;35586;81696;5;27.65;10;9;19;9;8;35;5;12368;9136;0;0.010821629;3543848571;4543284286;0.841441429;1004339;29458042.86;1110560;9729771429;0.814259857
23;19134;123744;33.93;78432;3;30.53;9;7;29;6;10;16;4;5616;16816;0;0.008831714;3531551429;4530822857;0.736325;112752;31114614.29;8368735714;9594277143;0.816825143
12;20.25;50208;33354;57888;8;40.07;14;12;35;8;11;39;3;17264;16368;0;0.0222171;3518911429;451791;0.871811857;3977871429;27498242.86;1483327143;7805034286;0.805374571
13;18234;140064;31014;136416;9;22.19;7;13;25;7;14;46;6;9744;14736;0;0.011356871;3580365714;4580471429;0.99992;274932;27489557.14;15434428.57;4881688571;0.811677571
13;24606;59808;24066;61152;8;40.25;10;14;44;9;14;44;6;9104;6256;0;0.020600171;3518195714;4517194286;0.99992;2783658571;28966185.71;11447014.29;18832857.14;0.806881286
13;19566;75.36;34.83;76896;7;21.59;12;10;17;10;13;23;6;16976;4208;0;0.0110498;3567772857;4567701429;0.640640571;1323071429;32867257.14;11528414.29;6519694286;0.812658857
10;25.47;115296;28818;133536;7;38.99;8;6;22;13;15;24;4;4048;11.92;0.250804429;0.560123714;5150102857;3343292857;0.99992;2763802857;35021657.14;16278042.86;467814;0.122357286
8;35226;60;21906;92064;5;34.73;14;11;47;9;6;19;7;4816;8368;0;0.028884543;3535504286;4534765714;0.99992;2775502857;34420042.86;7334417143;13102214.29;0.798800857
14;23.67;99744;25578;108192;6;42.65;11;7;37;10;14;30;6;15376;18608;0;0.020269414;3494785714;4493592857;0.504677714;144846;30455628.57;4835920;6276488571;0.808487429
13;20574;115488;29898;100128;10;43.55;14;9;41;14;5;28;2;13872;17968;0;0.022289371;3485034286;4483837143;0.313906429;1918815714;34586414.29;4149198571;6622375714;0.807224429
23;26.37;141024;28134;113568;12;49.13;8;13;43;14;7;25;3;12112;8144;0.014833386;0.458743429;373783;3593585714;0.463951143;2016385714;32239271.43;5141165714;2237695714;0.285499429
16;33318;117.6;32022;53472;5;47.39;15;9;14;10;5;47;6;16016;15728;0.629721;0.824353286;5966137143;1157604286;0.377290714;2507564286;35607985.71;4937045714;16299800;0.033547814
24;22194;122592;34686;97248;10;30.29;14;14;28;14;12;31;4;16624;17744;0;0.008397197;3534081429;4533361429;0.611759714;8925662857;33520300;10256971.43;447916;0.817059286
23;19278;88032;34182;54048;3;41.03;11;9;41;6;14;26;4;17488;13264;0;0.011869286;3513002857;4511934286;0.735856;542509;26734842.86;4682182857;4042461429;0.814897429
17;19.35;72.48;28566;121248;2;25.85;6;12;18;13;11;33;7;10;18.48;0;0.010117143;3539975714;4539362857;0.596375857;1645585714;31460071.43;12114242.86;5555436714;0.815354143
9;18774;101088;35478;76704;6;20.99;9;11;37;9;6;13;7;15056;19312;0;0.015517343;3565315714;45653;0.559385286;1261991429;34691800;14190600;10641757.14;0.808978429
22;30.69;72288;20286;130.08;8;44.15;8;6;21;7;10;18;6;14;13.52;0.097122071;0.659085857;4427641429;5797808571;0.264924;4230464286;31439985.71;7066104286;2235354286;0.097743457
17;25182;130.08;19098;72288;4;35.57;8;9;45;13;11;40;5;10544;14.48;0;0.013921457;3533104286;4532278571;0.99971;4844452857;29791885.71;4204317143;5651334286;0.811999429
22;28.17;113376;23454;101664;3;35.03;7;15;45;9;7;34;7;5.2;13648;0;0.0105941;3534628571;4533862857;0.99992;4504141429;30862585.71;12977885.71;7803745714;0.814900714
14;30006;130848;29754;138336;9;47.51;5;5;30;7;8;19;4;16.24;4688;0.266805143;0.618387571;5142198571;4179418571;0.371112143;2315435714;30159957.14;4006858571;2237197143;0.100305714
17;29898;119328;27018;57504;6;37.79;14;9;28;5;12;45;3;9616;9744;0.0600832;0.583598143;4246051429;4558375714;0.99992;2853254286;29329257.14;4915062857;4209538571;0.146073714
8;30402;91104;33966;52896;7;37.85;10;7;48;15;10;29;3;13264;12.56;0;0.0314793;3524868571;452392;0.976749143;4674764286;29860914.29;3072051429;5210434286;0.796821429
23;33606;75936;27.27;49248;9;47.87;11;7;12;11;7;34;3;15952;11728;0.549606286;0.842898286;5887927143;1364971429;0.604920857;112957;31825542.86;2350575714;4360408571;0.029150786
18;28962;117024;26.73;110.88;8;44.75;8;8;28;14;9;33;5;5872;8624;0.195718;0.664209143;4893127143;5383731429;0.99992;2778725714;33249757.14;4878564286;1331047143;0.088814329
10;33.93;136224;28386;102432;7;37.25;15;14;32;14;9;20;2;6064;17648;0.0528657;0.421791;4214824286;2169035714;0.614423;101289;35821300;13013942.86;2237245714;0.232490429
19;25578;120672;29826;59424;10;26.63;15;10;36;11;11;17;2;13.04;16304;0;0.009325327;3540097143;4539455714;0.515355714;105155;34288171.43;9530830;2040082857;0.815759857
16;20214;126048;18.27;119328;9;29.33;14;13;14;14;6;33;3;12432;16176;0.391192286;0.796141429;553227;1095028571;0.688904571;9068227143;34551242.86;8981027143;9701597143;0.039124286
9;18702;118176;33318;104928;5;46.91;12;9;18;7;11;13;7;18928;8.56;0.476200571;0.601741286;5770042857;3828987143;0.244355571;5271475714;36011014.29;20709342.86;2236880;0.090534143
11;30438;107616;20646;54816;10;20.51;12;9;37;14;14;31;6;18;12432;0;0.0124056;3586064286;458638;0.950642286;2751192857;30469400;4951420;7201285714;0.810459429
13;20826;124512;26.55;48096;8;36.47;8;14;21;14;7;35;6;15792;17.52;0.261265571;0.666975857;5137211429;5258802857;0.562177143;137186;31357500;6289927143;2816094286;0.084194243
11;29.07;96288;23562;62304;8;24.47;10;6;17;8;13;38;7;4144;18896;0;0.015183843;3573068571;4628355714;0.99992;2744284286;34542571.43;16793957.14;14782871.43;0.806887571
18;28602;139104;26.91;124896;2;49.43;8;6;14;6;14;12;7;5.36;15216;0.686057;0.856448;5948904286;1499794286;0.405020286;405616;35745542.86;26593714.29;2204944286;0.026442686
20;25938;58464;29394;53664;10;42.47;12;12;18;12;12;42;7;5.68;6768;0.020147757;0.52025;3852505714;407985;0.99992;2789965714;33461528.57;11158771.43;10587714.29;0.231717714
17;31482;132768;20358;71.52;3;35.81;13;15;33;6;12;18;3;17168;14064;0;0.014108929;3523914286;453831;0.641698;66119;30952985.71;14709342.86;1015391143;0.811890429
16;25.83;64416;22.95;71328;11;33.53;6;6;45;12;8;37;6;19024;5008;0;0.013943286;3519928571;4519015714;0.685560857;1358982857;26900914.29;8902141429;11477442.86;0.812629714
18;26.01;101856;21042;56352;5;21.11;7;12;42;10;10;36;5;14928;10.16;0;0.007803037;3581637143;4581794286;0.993649429;5769067143;25923857.14;5304258571;13470500;0.814690429
24;26766;85728;21618;131232;6;43.43;7;6;17;11;6;41;3;6096;14096;0.339745857;0.788763286;538089;1018407143;0.99992;2919318571;32339214.29;1329121429;1820684286;0.043735329
18;34938;55.2;23994;112992;10;23.87;11;12;14;6;9;15;4;16144;19952;0;0.008823176;3545907143;454553;0.359381;1489104286;34571185.71;19961085.71;2276465714;0.816076143
17;24678;116448;33894;120672;3;20.15;13;11;39;10;9;44;7;6704;15984;0;0.007886229;3587465714;4587791429;0.99992;583368;35056100;13885657.14;14050614.29;0.814325571
22;19386;114336;26802;111.84;8;36.53;13;5;31;11;8;28;6;7024;10256;0;0.011047786;3530035714;4529197143;0.99992;2770587143;33183814.29;1543432857;1214564286;0.814734714
17;20.43;122784;25218;95712;11;23.57;5;13;32;5;14;30;2;13424;17.2;0;0.009224733;3575635714;4575505714;0.768773429;4938462857;21537128.57;14861485.71;1530387143;0.814127
13;28458;103776;21222;74592;8;46.07;7;15;25;9;10;26;5;9.36;11568;0.225608286;0.583158714;5041888571;3639972857;0.99992;2768407143;27305000;9987995714;4893921429;0.118091
23;32058;130272;35874;113184;3;43.97;10;10;26;14;13;32;6;15824;19376;0.317491714;0.766012286;5262164286;9121082857;0.433381;1773508571;33248314.29;9086871429;1884988571;0.0486751
14;35.37;100704;25.47;61344;9;42.95;9;8;46;6;13;25;3;15.28;19664;0;0.020411943;3511882857;4510757143;0.822430429;3701111429;24816585.71;2881891429;1918618571;0.807305857
17;22662;138528;33606;62688;5;25.07;9;5;30;9;8;25;2;12464;16.56;0;0.009811824;3568561429;4568328571;0.806472857;5021598571;29824285.71;5300.77;820154;0.814107143
19;31014;136416;29.43;50.4;9;42.11;6;7;41;12;5;26;3;14768;9264;0;0.014746371;3486991429;4485788571;0.386707;2290232857;30752628.57;2848117143;1129068571;0.813801286
19;29.79;90.72;24246;141.6;6;36.65;13;10;20;8;6;38;3;8336;10672;0.135230857;0.684617286;464099;6488542857;0.998689143;4473041429;31751771.43;2140014286;8122598571;0.082205414
12;23634;122976;34974;138144;7;48.35;9;11;16;14;12;39;4;16176;6448;0.579492;0.741816286;5955408571;7043708571;0.655237571;1172367143;33145514.29;10992985.71;2239101429;0.052955757
9;28062;88608;32.49;59808;4;38.87;12;7;21;12;10;48;4;19568;15024;0.119349857;0.432012429;4667114286;2125965714;0.532776714;1147091429;30022014.29;4428222857;2843155714;0.200721429
12;26118;123.36;26694;96096;11;43.91;10;11;33;7;15;50;4;17.68;17872;0.0616736;0.442855429;4285168571;2315851429;0.915033571;3357715714;23511371.43;3621355714;1235177143;0.215861429
21;28674;84768;33642;111072;6;33.95;6;6;38;11;9;24;6;5104;19344;0;0.010756429;3537731429;4537021429;0.99992;27625;31736871.43;3664758571;3316318571;0.814644286
17;30582;139872;34506;71904;3;33.05;8;15;48;14;6;17;4;9904;12208;0;0.0129352;3513214286;4512267143;0.512917;1961557143;33464014.29;9567568571;1774255714;0.813885571
15;26046;65376;26.01;125472;2;44.93;15;6;14;10;11;47;4;10704;11408;0.346216571;0.702206143;5438902857;5833268571;0.810586;9940164286;32679857.14;2210598571;1997662857;0.071564529
15;21186;51.36;23274;98208;8;21.77;14;8;18;12;14;24;2;16272;5.36;0;0.009656334;3552488571;4552034286;0.552595;136163;34721628.57;13534971.43;746353;0.814593143
20;31266;121248;28926;87.84;11;24.53;9;11;29;14;12;36;3;13936;18672;0;0.008160387;3573394286;457323;0.936512429;4139591429;30321028.57;5364804286;1183000714;0.815268857
19;25.11;124896;33.75;76.32;5;24.41;11;10;26;13;9;47;3;17296;8.88;0;0.008547906;3549788571;454927;0.666078571;1045848571;31318685.71;1943934286;3334372857;0.815926571
19;31518;134.88;30.87;120.48;9;34.25;11;10;15;6;7;16;2;9.52;6832;0.508415286;0.837438;578544;1426891429;0.469752571;2265907143;35603771.43;18183942.86;2237597143;0.028154986
10;21798;74784;24.75;135.84;5;44.21;14;9;43;7;13;21;6;8496;18448;0;0.029415343;3483154286;4481955714;0.319482714;3212392857;33661642.86;12957671.43;3114807143;0.801073857
15;21294;115872;30942;117792;3;43.73;15;13;28;7;15;29;2;5488;15248;0.129296286;0.581921;4645622857;384179;0.970863;4962135714;33226257.14;16623328.57;5228381429;0.128179857
15;34542;99.36;35694;89.76;7;21.47;6;8;37;6;9;34;5;15632;19088;0;0.009523243;3582501429;458273;0.841159;3140768571;25250471.43;3560040;7392548571;0.813119857
14;35766;86304;27414;141408;6;31.55;14;11;34;5;6;47;4;7376;7632;0;0.014994114;354631;4545764286;0.99992;2771655714;31432000;4005470;4603987143;0.810707571
17;34218;128544;27.45;67104;12;38.57;10;14;12;10;7;22;3;9712;15472;0.640218429;0.857930429;6005067143;1580007143;0.999582286;3581205714;32776671.43;12746714.29;2491631429;0.025303457
12;33.39;139488;24.93;102816;5;30.17;7;8;37;11;11;48;5;12976;13552;0;0.016727814;3551864286;4551394286;0.99992;4021547143;26940771.43;1479430;8690362857;0.808847286
21;18414;56.16;18.81;132384;8;41.57;7;13;25;14;7;30;4;8912;6064;0;0.013170857;3501041429;4499861429;0.765425286;1312584286;31321071.43;6664638571;12755.2;0.814449857
15;27882;108.96;20682;72096;8;39.53;12;13;22;12;8;44;3;14288;8976;0.235445429;0.673575143;5051427143;5433962857;0.839842857;7622854286;30528442.86;3587798571;1314317143;0.084598329
19;35802;69408;19206;75552;8;29.39;11;6;30;8;9;33;5;11.76;7888;0;0.010291786;3554108571;4553682857;0.998532429;2765518571;28616457.14;1586601429;4773695714;0.814346143
15;27.99;83808;26586;140.64;7;34.13;11;6;36;10;8;26;3;6544;14.8;0;0.015138986;3518312857;4517377143;0.654658;1120212857;33567357.14;2723720;1354452857;0.811887
19;34.29;70752;18342;59.04;5;20.09;15;9;43;8;8;29;6;17904;7.6;0;0.007035124;3586998571;4587358571;0.790622143;3850697143;31523571.43;3453232857;18662114.29;0.815105571
23;18522;131424;34002;76128;3;48.83;11;12;34;12;10;40;5;6224;17424;0.129936429;0.650844;4577227143;5640528571;0.973716429;599312;32606642.86;7983748571;1606144286;0.092190157
16;34002;143328;31.41;105504;9;25.61;6;11;13;6;8;48;6;7984;18;0.465682571;0.832267714;5741337143;146.46;0.99992;2737305714;29077057.14;13273271.43;6518241429;0.028436357
22;34146;111456;18666;65568;3;22.61;7;12;43;13;5;45;6;8464;9648;0;0.006837956;3555987143;4555612857;0.759293429;1629174286;33290057.14;8908411429;24415800;0.816883857
11;26514;120864;19818;107616;10;32.21;6;5;23;13;11;17;6;12592;11.6;0.095079057;0.552983857;4471511429;3517935714;0.359750429;3334562857;34024400;9768818571;2236110;0.145640714
21;24282;142944;22.59;124704;6;27.47;7;6;44;13;6;15;5;5776;14416;0;0.008703337;3525048571;4524168571;0.409379571;2944021429;35678214.29;6904837143;3351200;0.816968857
9;22806;111072;26658;95328;10;32.99;12;12;39;8;14;49;6;10256;16.88;0;0.024388643;3540854286;4540208571;0.99992;2754911429;29762928.57;10272057.14;6279100;0.802586857
16;29646;104352;19458;109344;12;30.41;11;13;35;10;9;41;5;5.84;13.36;0;0.012645757;3550524286;4550041429;0.99992;275737;33598028.57;14463857.14;9403250;0.812513857
9;18.27;80928;18306;115104;6;49.67;9;12;27;9;8;14;4;5904;12784;0.001816781;0.052317071;3610194286;5199425714;0.293561286;4515622857;32744242.86;12148428.57;1526527143;0.706789
20;22518;106848;31158;67488;3;48.23;7;15;15;6;13;30;5;17392;9808;0.550989429;0.820265;5915052857;1164007143;0.760622429;5368608571;25225114.29;14036457.14;3577021429;0.034041871
11;33462;80736;24786;106.08;10;20.39;9;14;50;13;13;49;6;9392;11696;0;0.012332986;3586507143;4586817143;0.99992;275085;32948100;16999328.57;21047371.43;0.810519571
11;29934;82272;31086;58464;8;43.67;13;7;38;12;6;29;2;12912;13808;0;0.026414629;3487514286;4486302857;0.453504286;1456325714;32701742.86;6717237143;5103350;0.803445571
11;25722;81504;25758;93216;7;29.93;9;10;21;8;6;23;5;18992;18576;0;0.018103386;3551142857;4550682857;0.676363;3034495714;31603042.86;6044264286;2338915714;0.807583143
20;25.29;92832;25974;123.36;8;34.19;13;13;16;14;7;21;4;12304;15056;0.253896429;0.763478857;5055987143;9255308571;0.356885857;2392985714;36431185.71;15037857.14;2237035714;0.051655829
11;22.23;98208;19674;132576;5;36.29;8;10;22;7;11;18;7;15888;4.88;0.0574424;0.485177714;4229388571;2712651429;0.308823857;5366475714;32094771.43;16467971.43;2236862857;0.198492857
13;34254;136.8;19134;96864;10;47.69;12;11;46;8;14;30;5;16336;14928;0;0.024425014;3497401429;4497818571;0.769192;5682618571;28091657.14;5920218571;1164280;0.804515571
20;35.73;65.76;19314;77088;5;31.79;14;10;21;9;10;36;7;12176;11024;0;0.010575629;35454;4544841429;0.99992;3419315714;30259585.71;3221587143;1330812857;0.814605571
16;25038;81.12;28674;107424;11;49.97;7;12;31;7;7;23;5;14032;12496;0;0.0207797;3498255714;4497012857;0.684230143;2780151429;27394500;4748694286;3661038571;0.807587286
21;35982;107424;23094;143136;5;27.71;10;6;47;7;12;36;6;6576;5776;0;0.008779331;3559808571;4559474286;0.99992;2772987143;31540500;8723985714;7197461429;0.815445714
9;24642;94.56;34218;92448;10;40.97;6;9;20;12;15;44;4;18576;17.04;0.230354286;0.486541429;5098375714;2550941429;0.894513143;3322584286;25610128.57;3151384286;6739477143;0.152696857
14;24714;76512;33858;138528;10;40.91;6;7;29;7;7;16;5;6384;9328;0;0.0194426;3481331429;4480105714;0.300047286;5737325714;31265642.86;5846470;4893364286;0.810154143
16;22158;101472;35.73;65952;3;34.61;6;9;37;11;14;39;3;8.08;6896;0;0.014392357;3536047143;4535325714;0.99992;3892081429;29231757.14;8711881429;8809318571;0.811520714
16;19998;135456;27.09;56928;6;42.05;6;10;35;8;7;38;5;16656;8272;0;0.074432457;3493251429;7547764286;0.559567286;169463;24370657.14;4457515714;1093527143;0.696141143
21;31158;57312;21078;78048;12;40.13;11;12;38;9;14;34;7;12848;10864;0;0.012714557;3518464286;4517454286;0.983542;276963;27410414.29;6267554286;4436438571;0.813787429
10;31.41;86688;22734;83808;6;23.63;9;9;23;14;14;48;5;16848;11.44;0;0.015722029;35769;4576798571;0.99992;3588204286;28490328.57;3459212857;1747352857;0.808339429
13;28242;53664;27198;83616;5;23.75;12;10;29;7;10;15;5;10448;13008;0;0.012155386;3539542857;4538881429;0.470039429;2261727143;34278028.57;15630500;8568801429;0.813186714
8;33426;103584;31878;83424;8;48.71;14;6;42;5;10;37;6;7632;9168;0.016425143;0.0402298;3936541429;4955792857;0.99992;2785435714;28956914.29;1553851429;1263332857;0.635906429
23;27234;101.28;24102;117408;11;25.55;13;7;46;14;14;23;2;4944;8944;0;0.007391147;3568517143;4568285714;0.99992;2981605714;36459457.14;16904257.14;10770700;0.816311571
20;26874;129.12;26406;57.12;10;22.37;15;8;31;11;5;14;6;15504;10544;0;0.007441884;358032;4580414286;0.689466571;2767578571;35486900;3210297143;2230970;0.815174571
20;22374;62304;28638;86688;7;37.73;13;9;24;10;10;36;2;11344;13328;0;0.012551857;3524725714;4523788571;0.912731571;4925738571;30129185.71;1276964286;4616572857;0.813637143
10;29574;104.16;34542;80928;10;46.25;14;7;29;10;11;46;5;10928;18096;0.113162286;0.389123857;4636857143;1842498571;0.99992;2762937143;30412900;127157;4085977143;0.220996143
13;20502;93984;19854;78624;9;40.55;12;7;24;6;12;35;6;14064;14992;0.029260386;0.458317143;3991811429;2623947143;0.927219;276358;26553771.43;1576860;3430288571;0.247492
11;18342;130464;30726;51744;7;25.49;7;14;23;15;8;44;5;4272;8816;0;0.015417886;3568782857;4568554286;0.99992;276197;35662814.29;19331728.57;17134442.86;0.809268143
16;29718;111.84;28206;103776;11;33.41;12;10;17;8;5;21;5;9.2;17136;0.322823571;0.755606857;536409;8373678571;0.899065143;3034247143;33875042.86;6293200;1892981429;0.053137743
22;28638;75744;25038;73056;7;35.51;12;14;19;11;7;38;4;17072;5.68;0;0.241275857;3509735714;2525027143;0.602131571;1514292857;31093657.14;4145640;1021577143;0.495166
18;20.61;82848;33246;61536;12;49.79;12;11;31;8;13;21;5;15728;5.04;0;0.018404329;3492422857;4491145714;0.676977143;8904994286;28991885.71;5218078571;4907498571;0.810181714
18;23814;73056;24426;53088;10;24.71;12;7;15;5;15;25;7;6608;5712;0;0.009133639;3572228571;457204;0.99992;2769031429;32003314.29;15354685.71;5645592857;0.814524857
17;29.25;142.56;21834;76512;3;46.01;9;6;47;11;8;12;5;6.32;5328;0;0.018024986;3475654286;4476678571;0.496568143;4315815714;33303914.29;2489535714;3960274286;0.811568
19;27.45;74.4;30546;101472;4;37.49;10;10;18;10;15;38;7;6448;8688;0.092501657;0.654667286;4445287143;5832498571;0.99992;281132;32293785.71;13618928.57;1393042857;0.101024643
22;22302;56736;28.89;132768;3;30.77;13;9;19;7;9;48;3;4624;7536;0;0.009305743;3549347143;4548845714;0.99992;2877608571;34015342.86;10896528.57;10983528.57;0.815539857
18;21402;79392;22122;52128;7;26.27;11;12;40;5;7;42;5;10352;4304;0;0.009710274;3565191429;4564945714;0.99992;2793598571;27970042.86;5551495714;22559157.14;0.814468
11;19.89;109344;32094;134688;3;31.25;15;13;39;13;9;41;3;15536;10096;0;0.018901857;3535875714;4535231429;0.730822857;7399301429;33490285.71;6523385714;6956091429;0.807798714
16;24354;116256;35802;59232;7;34.55;7;9;26;6;11;33;5;15088;5904;0;0.064731229;3536217143;7807871429;0.855695;2778822857;22331728.57;1674665714;6764374286;0.697844143
10;25326;114528;35406;127584;12;23.93;14;10;15;8;12;25;6;12944;5392;0.162299;0.652544429;4791565714;5271584286;0.534404286;2551987143;35190628.57;16819671.43;2238388571;0.0947627
22;21366;51744;19278;121632;9;39.89;13;7;13;12;10;22;3;6.8;13296;0.160668857;0.721748857;4729637143;7423505714;0.685666429;112549;34831842.86;7930377143;2235871429;0.071195271
9;27522;86112;23058;129312;11;27.53;7;14;27;15;9;25;6;14576;18352;0;0.020352214;3527841429;4526995714;0.354444429;2357054286;34182700;15759585.71;370648;0.806477429
13;18846;133152;18054;63264;7;31.43;11;10;42;11;7;49;4;5968;18032;0;0.016085971;3546697143;4546138571;0.99992;2758345714;33752685.71;8502611429;18544728.57;0.809690571
17;20.07;79776;29322;90528;5;38.21;10;8;30;13;6;19;6;7184;11792;0;0.0149548;3503734286;4502644286;0.640605714;1842094286;33717585.71;1626921429;3187468571;0.812675286
15;35658;104736;20538;86112;4;29.27;7;7;16;12;6;31;4;4656;19408;0.251206286;0.739505571;512064;7938538571;0.99992;3953864286;34938928.57;7945152857;5518584286;0.060008114
21;34758;72096;24534;64608;12;29.99;10;14;43;11;12;23;2;6.48;13744;0;0.009501714;3552547143;4552051429;0.99992;4482105714;33215571.43;16629285.71;15227671.43;0.815164429
17;19.53;57504;32274;99.36;10;38.03;14;12;38;11;10;32;3;7.28;11152;0;0.014884257;3525074286;4524175714;0.99992;2792778571;33208028.57;8138517143;7055115714;0.811591571
13;25902;84;27.81;98.4;12;30.11;9;12;30;14;6;20;2;6.64;8496;0;0.015410557;3536078571;4535365714;0.796310143;922582;34353800;8499794286;1200514286;0.81081
19;31842;132384;24858;69792;9;45.71;11;11;33;10;12;28;7;9872;10448;0.177459714;0.657467571;4811684286;5374622857;0.99992;2771942857;29990971.43;6105261429;3782237143;0.090343743
10;22446;135264;21438;94752;4;49.37;6;13;33;9;7;42;2;7952;10288;0.211391714;0.428459286;4991171429;2108192857;0.99992;4252321429;27062100;5559120;7264224286;0.175294143
18;33354;127.2;27774;142.56;5;41.45;7;11;37;12;14;43;3;7824;4976;0;0.0155473;3515281429;454688;0.99992;279199;29702757.14;8944792857;2072091429;0.810128714
18;33822;48672;34866;95.52;3;29.45;7;10;38;10;10;45;2;7504;18.8;0;0.010885814;3552437143;4551922857;0.814267857;5496081429;30501400;7691860;18057671.43;0.814011286
12;29466;70944;20106;108.96;3;37.31;6;14;20;7;11;32;3;18192;6288;0;0.024277214;3524831429;4814445714;0.634894143;4357042857;24806928.57;10682500;3070658571;0.793679571
11;19674;59232;25542;84.96;5;22.55;8;9;43;10;7;43;2;14.8;9776;0;0.013639671;3553218571;455276;0.600903571;1128762857;29935371.43;2584337143;19912171.43;0.811078429
10;24.39;74208;34074;48864;4;46.97;8;7;20;11;13;38;5;12.24;16976;0.182092857;0.441592714;4930385714;2175118571;0.920450143;5481008571;27063514.29;8411267143;1737532857;0.180715
9;33.57;143136;19494;75936;9;47.75;9;7;28;9;10;14;5;6032;9872;0.380894714;0.520231143;55424;288483;0.817085571;1221385714;32882585.71;9160078571;2237798571;0.119052714
12;28422;98592;31122;118944;11;46.55;6;14;21;9;11;19;3;6992;14.96;0.327957857;0.61323;5374138571;4011025714;0.460461;1837002857;32080271.43;19007471.43;2237227143;0.097947729
24;24174;116832;34902;80544;5;28.97;15;12;23;12;9;21;3;5552;16432;0;0.008119444;3555524286;4579922857;0.99992;3104801429;35750014.29;12977242.86;3462501429;0.815127571
9;29322;120288;23886;49056;3;38.69;10;14;13;10;12;20;3;18704;18224;0.579041857;0.724656571;5990178571;650296;0.639972571;60186;31380714.29;15190642.86;1778658571;0.057192086
23;21.69;66336;18486;93024;10;22.85;9;9;47;10;5;19;4;15984;19536;0;0.006610057;357848;4578454286;0.748529714;3148468571;33281900;6377660;18330528.57;0.816011714
8;29142;129696;30474;80736;7;32.09;8;11;33;6;11;20;2;11408;6544;0;0.026688871;3531345714;453061;0.730163143;8436578571;28311328.57;10288571.43;1125248286;0.801125571
23;35586;61728;35.01;123936;9;28.91;9;5;31;7;14;22;5;9648;8.72;0;0.008363119;3524321429;4523472857;0.502483429;2541668571;32403071.43;11428400;3348225714;0.817379857
13;32346;115.68;29.97;98784;9;23.81;9;14;33;9;10;49;5;6.16;19056;0;0.012186;3575604286;4575475714;0.99992;2744652857;33031085.71;17603457.14;15044300;0.8115
16;23706;114144;34254;127392;6;24.83;14;9;26;11;12;26;3;14864;12016;0;0.010325314;3536184286;4535481429;0.393884857;1902985714;35462800;13662742.86;1973165857;0.814916857
22;28.89;121056;21942;125088;8;33.83;10;10;26;12;8;24;6;19792;12048;0.018604614;0.510843429;3800504286;5384094286;0.465005286;1538635714;33733342.86;8081912857;2237605714;0.247694143
23;22554;64224;30618;64224;8;21.71;11;13;49;15;11;30;6;8048;13104;0;0.006280256;3581772857;458194;0.99992;2750425714;34912985.71;15460300;26618742.86;0.815987
11;35478;89568;25.11;55392;7;39.35;5;8;31;15;8;23;3;7344;17488;0;0.023801429;3520934286;451996;0.99992;3558982857;30890357.14;1287747143;1134737143;0.803903286
18;20142;94752;25434;128928;4;32.57;11;11;41;6;13;42;5;11088;11824;0;0.012039071;3542601429;4541994286;0.968284143;4251391429;27829214.29;8790022857;2494344286;0.813404429
23;22266;101664;20394;110304;7;40.73;13;8;38;15;13;27;4;6192;5808;0;0.011782457;3517084286;4516061429;0.99992;2790897143;34412700;8844580;6473801429;0.814718
23;31662;132576;32.31;55008;10;42.59;12;8;42;7;14;17;4;15.12;11472;0;0.012320586;3493992857;4492787143;0.550348571;1358334286;29974057.14;5748895714;3730301429;0.815604143
10;19062;112608;30582;130848;6;37.13;10;11;23;15;10;37;6;11376;8912;0.121452;0.493863143;4644555714;2688541429;0.782929571;1142792857;32863514.29;6336882857;2188801429;0.170398143
11;26586;129888;31734;96288;9;20.57;13;9;23;10;10;28;7;19.92;18768;0;0.012441914;3585901429;4586217143;0.736417143;2890575714;33316285.71;7670167143;9172291429;0.810443143
19;32.85;102432;32598;107.04;9;20.81;15;6;40;7;11;28;5;10832;12976;0;0.00728728;3581871429;458217;0.914166571;4390468571;33189814.29;5264381429;5119738571;0.815237429
8;30726;140832;19926;105312;12;31.13;8;7;19;5;13;15;3;12656;16016;0.337751714;0.609742857;540541;4033471429;0.295702143;24.3;32326185.71;19730442.86;2236610;0.096383529
10;22.77;48.48;33.39;118176;5;35.33;13;15;44;8;6;46;3;6416;14.64;0;0.023506771;3533772857;4532991429;0.99992;3211774286;32539128.57;8753550;16749128.57;0.803582
16;24858;102.24;27594;125856;5;40.19;8;12;19;13;7;30;5;10576;8464;0.302545714;0.716536714;5271422857;654866;0.683390857;1551951429;32478500;7197107143;2195274286;0.067147114
21;23202;73632;31338;82464;6;31.73;5;12;48;6;14;14;4;6768;13712;0;0.010053057;3515408571;4514488571;0.487145;2127324286;28630228.57;20223900;13613728.57;0.816399857
23;26982;92448;31.23;58848;2;43.79;6;8;40;9;15;45;3;16112;12.4;0;0.012667743;34908;44896;0.616876714;9788927143;24234342.86;3262651429;6399145714;0.815530429
8;28566;113568;34038;119712;8;42.83;8;5;17;6;9;23;5;17.2;6352;0.475537286;0.586234429;5829114286;3662231429;0.544344571;2765754286;31439700;6156262857;1277065714;0.094723714
16;21.51;61536;19242;80352;8;48.95;8;10;45;7;13;37;3;9552;13424;0;0.020355486;3499915714;4498685714;0.99992;3294034286;24054842.86;4808514286;8217855714;0.807881
20;34.11;109728;28.17;135456;6;35.21;5;5;47;6;14;37;5;15216;15.92;0;0.011713457;3529555714;4528737143;0.774177857;5845264286;22075271.43;3330384286;1015469286;0.814297429
22;29394;77088;30006;83232;6;30.23;7;7;34;12;12;18;2;8752;11.28;0;0.009142427;3526161429;4525345714;0.595757571;1301232857;32778871.43;9342764286;3677340;0.816620714
20;21546;133344;34578;133344;7;22.91;9;7;28;6;9;48;2;11888;16464;0;0.007621527;3578732857;4578667143;0.825056429;5022368571;27442900;1705442857;620894;0.815254286
22;29106;58272;31.95;65.76;5;38.75;13;9;30;11;9;39;3;18096;15824;0;0.011719257;3504911429;4503811429;0.522546143;1065557143;30120185.71;6660887143;5105804286;0.815391286
20;35838;50592;33.21;61728;4;43.19;12;13;40;7;9;33;3;13584;10;0;0.014368314;3500988571;4499804286;0.827412857;759635;27113214.29;1775354286;7765644286;0.813349857
9;32022;137568;30.51;137376;3;29.87;13;11;23;11;12;45;7;9968;9.52;0.152325;0.548440857;4794911429;3352244286;0.99992;5567734286;32746514.29;9338430;315667;0.137151429
15;30762;60.96;28962;51168;3;22.07;10;8;13;10;10;33;6;9424;9616;0;0.009789367;3580921429;4581058571;0.99992;5249951429;31817957.14;5986354286;8395225714;0.813018714
10;26478;60576;33102;114336;11;27.83;14;7;47;8;14;15;4;11792;16496;0;0.018516571;3518334286;4517408571;0.246955857;3609398571;36305414.29;19105657.14;17013900;0.808638143
21;24246;58848;18162;122976;7;24.59;15;6;50;13;8;32;3;12.08;14288;0;0.007790891;3555934286;4555508571;0.734435286;8186635714;34018214.29;1176470;11142457.14;0.816396571
23;29214;56352;32994;92.64;10;28.31;14;6;42;13;8;46;4;10416;9712;0;0.008189521;3557591429;4557234286;0.99992;2762274286;33188657.14;3802613143;14414300;0.816020857
11;22338;87264;25686;82272;5;30.83;10;13;49;15;14;41;4;13552;13872;0;0.018647771;3549412857;4548908571;0.999789286;4117641429;30497628.57;8105254286;8935611429;0.807310857
21;23958;112992;19062;142944;2;36.17;14;6;32;5;10;33;6;17712;18064;0;0.011459843;3513568571;4512567143;0.583537571;1091168571;31528785.71;4200685714;1802489714;0.815447429
15;32886;128928;32346;79584;8;34.91;9;14;17;11;13;13;4;10864;17232;0.435013429;0.78003;5644822857;9258474286;0.327204286;2623444286;35727514.29;24948900;2235738571;0.044101043
13;34182;123168;20718;92832;6;47.09;11;9;31;5;6;40;7;10672;14864;0.209792857;0.563076714;4958841429;3397265714;0.692251429;1417097143;27762457.14;3396055714;4406815714;0.125653429
12;32.31;118752;20754;68064;8;35.39;11;5;40;6;9;31;6;5328;5264;0;0.019622143;3533591429;4532822857;0.99992;2788294286;31320471.43;2579020;7034825714;0.807031571
21;34326;95136;28422;82656;11;49.25;13;10;38;6;6;40;7;4304;10064;0;0.015604129;3499348571;4498108571;0.99992;2787282857;31128057.14;1441541429;4514158571;0.812102
19;20538;110496;22086;77.28;3;38.33;8;14;46;9;12;41;4;8976;13.04;0;0.013422571;3522377143;4521431429;0.966017857;5869815714;27950128.57;10989642.86;8324831429;0.813015429
15;27918;137.76;24282;141984;8;47.99;12;8;41;7;12;45;3;9264;10192;0.035935386;0.451596571;4045494286;2558195714;0.998485286;2880191429;28097471.43;2045511429;1172230;0.238147286
19;27666;99552;25146;69984;8;26.75;11;13;36;9;14;14;6;15408;5456;0;0.009367374;352339;4522507143;0.400699571;3673375714;34032271.43;20810685.71;4728381429;0.816345714
23;35118;68064;24894;82.08;7;41.09;12;12;23;7;12;43;3;19.6;8016;0;0.011945471;351628;4526715714;0.789688571;3356362857;26030614.29;3092435714;2385025714;0.814181
11;30258;118.56;25254;88032;6;29.03;8;11;26;9;12;35;3;18224;17328;0;0.017558971;3555541429;4555124286;0.795695286;366675;27108185.71;6572734286;3687883857;0.807836143
12;23526;70368;29358;114912;12;40.31;8;8;44;9;13;17;4;10992;4816;0;0.022350314;348372;4482514286;0.360817143;4364394286;32647728.57;13492185.71;6400241429;0.807394571
18;30654;70176;21.15;59616;4;42.41;7;9;28;11;10;19;7;9008;18.96;0;0.015676371;3504182857;4503;0.829580429;972587;28363128.57;2727840;6102424286;0.812024571
21;31338;94176;22446;128352;7;22.97;6;9;15;13;10;16;4;17.04;5968;0;0.0590654;3526914286;1120999143;0.261077;4549622857;35655671.43;18853928.57;2237364286;0.672487286
21;28.53;107232;18918;57312;8;28.13;8;9;45;8;13;35;3;16304;15312;0;0.008912391;3558708571;4558342857;0.932728143;3991767143;24001157.14;3781158571;8894152857;0.815254
14;21078;103392;24354;90.72;2;25.79;9;7;30;14;13;32;2;16592;9.84;0;0.012256671;3541137143;4540531429;0.614672429;9558588571;32103728.57;6330134286;1269572857;0.813464714
10;33894;62112;32166;48672;8;41.27;10;10;19;12;7;14;7;15.92;7664;0.034301229;0.370900143;4067288571;1752824286;0.535059143;1865311429;32333200;2087837143;2232940;0.297293714
9;20034;58.08;21726;118.56;11;46.79;15;5;12;13;6;50;5;5936;10608;0.386747571;0.540393286;5611841429;3057795714;0.99992;2765372857;35808528.57;6691882857;9088425714;0.115488
13;27774;73824;31518;110112;6;30.59;5;10;37;7;5;20;4;14256;6.48;0;0.015656057;3548935714;4548442857;0.570357;3296091429;29470657.14;6774710;6681424286;0.809916286
20;20106;122016;29682;68448;6;44.87;12;5;27;5;6;24;6;11472;13616;0.209915;0.691208714;4929617143;6227114286;0.847346286;3408767143;29752385.71;8874912857;1063456143;0.077023271
12;24534;86.88;32886;107808;3;39.83;14;14;27;11;7;23;6;8.56;12592;0;0.022084186;3498355714;4497211429;0.567936286;2053275714;34251328.57;8951092857;438674;0.806648
21;31.59;128.16;33462;99936;8;20.45;14;14;29;12;11;14;4;6;4432;0;0.006479211;355108;455068;0.641001143;2968738571;37537571.43;24777214.29;1592804286;0.817436857
18;20322;143712;23.49;130272;11;39.05;6;8;32;6;5;34;6;16912;4624;0.0580388;0.574171857;4208705714;4585828571;0.566200714;4963162857;25959485.71;5394837143;1905912857;0.155386
9;35.55;74592;23.13;96672;4;31.19;15;15;25;6;10;22;3;6672;6192;0;0.023057886;354774;4547211429;0.99992;2871657143;32924714.29;14926271.43;2249262857;0.803557714
20;30366;53088;27.63;132;3;46.61;10;15;32;11;12;27;7;8016;5872;0;0.015506114;3484185714;4482941429;0.638131857;2842175714;32148214.29;13181528.57;5620801429;0.813315857
24;23.49;102816;22842;84384;4;20.69;14;15;13;13;7;48;6;16368;9456;0.025426371;0.549477143;385634;9968791429;0.601495571;1715997143;34027000;10516928.57;5320200;0.225473571
16;22734;118368;32778;84576;9;35.15;14;6;19;13;8;48;3;18608;15152;0.285673;0.731878429;5199025714;7370675714;0.530740286;1075402857;32728071.43;1296737143;1242602857;0.061392514
20;21942;80.16;31986;91488;9;34.37;9;5;24;6;8;17;4;11664;13904;0;0.0114341;3512295714;4511277143;0.451966571;1652158571;31036685.71;2257638571;7990147143;0.815432857
10;32094;94368;28242;74.4;8;33.59;12;7;41;12;7;36;5;14992;10576;0;0.022349043;3516154286;45152;0.611312571;1408735714;31858728.57;99161.4;6617692857;0.805391143
20;18.63;72672;22338;137184;7;43.85;14;8;35;14;8;27;7;8784;16912;0;0.014587914;3489414286;4488187143;0.500248571;2098011429;34654542.86;3214338571;6015357143;0.813860571
22;29358;141408;31.59;97632;5;28.43;5;7;40;10;13;40;5;19184;5.2;0;0.008598027;3557507143;4557158571;0.744579714;3382617143;24943871.43;2551277143;8376601429;0.815672429
21;27.27;95904;21.69;72864;8;45.83;6;12;42;6;8;33;5;12784;19.92;0;0.014520586;3505181429;4504004286;0.933093;3089338571;20078971.43;1524102857;1708850;0.812775571
12;31626;100896;27522;91104;7;33.35;9;7;44;7;12;22;5;14672;5744;0;0.018491114;3522932857;4522081429;0.602173571;1524804286;29732471.43;6559761429;2995118571;0.808615286
11;34362;70.56;26262;113.76;8;21.05;7;9;16;12;11;31;7;4208;12752;0;0.012732214;3584068571;4584317143;0.99992;2748938571;35407828.57;19350785.71;8091891429;0.810237714
15;26406;52896;27162;86.88;3;23.69;6;8;38;6;11;43;3;16688;7088;0;0.010507943;3569694286;4569507143;0.812135571;5948634286;22006785.71;2702332857;11942442.86;0.813401143
14;23382;53.28;34.47;68.64;9;41.21;13;8;41;9;12;42;4;16.08;11856;0;0.019584929;3515928571;4514865714;0.936111857;2943348571;27471871.43;51034.9;7543004286;0.807864429
15;32598;125856;32814;129.12;9;34.07;8;14;39;10;13;20;4;5744;4848;0;0.015112414;3509687143;450865;0.637988286;273689;33557557.14;20015285.71;1095320286;0.812343714
24;31122;131232;35.55;109536;11;23.99;13;5;35;14;14;19;5;13136;15856;0;0.00665073;3534777143;4534048571;0.319415857;2820357143;36775342.86;14049028.57;1420381429;0.818100714
17;24822;69792;22554;80.16;10;32.51;7;6;13;7;6;27;6;9168;18992;0.196289714;0.726444286;4918614286;7427137143;0.998687286;2912694286;27326657.14;4516344286;1926368571;0.068297343
22;19926;134304;27054;72672;4;38.39;12;9;20;6;13;44;5;13.84;17.84;0.369676429;0.793448429;5450468571;110.49;0.870983571;574745;27146485.71;4796378571;7827634286;0.039233643
16;26838;116064;18.09;66912;12;27.29;13;13;25;11;8;42;6;11.12;19504;0;0.0113483;3560861429;456055;0.99992;2748404286;31838757.14;7082527143;5306462857;0.813117
14;23.31;107.04;31.05;101.28;4;43.07;13;7;37;6;5;37;4;10.16;10352;0;0.020469;3486548571;448534;0.490571857;2229385714;31289571.43;2024571429;2361545714;0.808740143
21;25542;142176;29718;83.04;4;28.49;8;15;22;15;6;16;5;7568;7728;0.132856714;0.707620571;4567704286;9317647143;0.694151714;1851271429;35330314.29;15451257.14;2230794286;0.071610371
20;23886;49824;33138;112.8;2;49.07;9;15;16;7;6;13;4;9.04;6704;0.152261;0.664384429;4710951429;5176638571;0.269671143;6501972857;33268871.43;15576971.43;2234047143;0.098434014
15;23418;90336;35118;55968;5;26.93;9;9;49;11;6;45;6;4176;11.12;0;0.011945114;35627;4562401429;0.99992;2758182857;34895771.43;8729794286;32768185.71;0.812573714
9;29.97;92064;35838;125.28;5;41.69;8;15;21;13;15;29;6;19728;13.84;0.212049429;0.469125143;5005707143;2386341429;0.335308143;2509038571;32989571.43;17591928.57;2236764286;0.162583714
9;27306;109.92;26334;112416;8;24.89;9;6;49;14;7;32;6;14512;15.12;0;0.0184004;3549728571;454927;0.680473571;1114054286;32115957.14;13681.2;5561615714;0.807273429
20;31698;52.32;18558;60.96;6;28.37;6;13;36;10;15;30;3;19376;6416;0;0.009437899;355776;4557402857;0.827180286;3244252857;24288342.86;9579648571;9326645714;0.814905714
18;21654;108576;28.35;129504;4;21.89;10;11;22;12;12;31;3;7856;13392;0;0.008091277;3581302857;4581444286;0.99992;3922057143;33756328.57;14943957.14;3617158571;0.814414143
8;29862;51936;22266;62496;6;36.59;10;11;33;14;14;22;6;19696;12.24;0;0.030431557;3514205714;4513218571;0.608913857;1199882857;31086228.57;7892548571;3672474286;0.798472714
16;18954;100512;22014;102.24;4;41.63;6;10;40;15;8;18;3;17584;5.84;0;0.0173116;3483618571;4482411429;0.320322857;3110062857;33287171.43;8029201429;8150374286;0.811791429
19;32238;110112;23.67;103.2;10;37.55;12;6;22;7;8;48;2;13072;18288;0.219356857;0.722863714;4965298571;7374947143;0.685376286;6600375714;27850842.86;5769385714;3264934286;0.065894414
9;31302;91.68;20142;63456;4;33.23;6;6;17;11;7;45;4;10096;12272;0.202194286;0.554906286;4993898571;3276991429;0.918575714;7556028571;28861657.14;6575484286;7229187143;0.132233429
11;33174;112032;32238;48.48;9;38.45;7;11;33;13;11;37;7;7664;10896;0;0.023256957;3523638571;4522722857;0.99992;2770465714;30794657.14;6695800;4931831429;0.804289571
22;18.81;64992;30258;117984;10;41.51;12;13;21;7;8;28;3;16.72;19824;0;0.012553971;3515127143;4514051429;0.715495571;329956;31220771.43;8446250;172070;0.814084143
10;35406;104928;29106;119904;2;39.71;11;12;25;12;8;34;5;8272;13168;0.138131429;0.481279143;4731762857;253783;0.825604857;1088004286;32311414.29;5053210;1175704286;0.171559286
22;27054;83232;23238;88224;3;39.23;5;10;49;10;5;38;4;4368;11344;0;0.0118644;3521207143;452025;0.99992;3617791429;30162285.71;3699298571;16879928.57;0.814444
23;28854;50.4;32202;52704;2;48.47;8;15;25;11;11;45;2;16784;18928;0;0.014021671;3482717143;4481448571;0.501774;8682852857;27392500;5111180;7846882857;0.814624143
8;22.95;82656;28098;100.32;10;25.13;9;11;47;8;15;17;4;14384;12624;0;0.020900186;353075;4529982857;0.320671429;2726437143;33581857.14;22062328.57;13648828.57;0.805848571
13;19782;71904;35262;64992;3;40.37;7;7;28;6;14;31;6;15568;12656;0;0.020661543;3514982857;4513948571;0.812640286;6092092857;22144971.43;2307381429;1029177714;0.807044143
11;32.49;65184;34326;114144;9;28.67;6;12;13;8;6;29;4;13616;16.24;0.077404314;0.585349571;4423194286;402507;0.793507857;3168554286;29239057.14;7226500;4662904286;0.140159714
16;20.97;105.12;24498;97.44;7;23.45;10;8;25;14;11;37;2;10896;8.08;0;0.009751373;3577345714;457726;0.99992;4205778571;32423857.14;5668688571;1678675714;0.813467571
10;23166;95.52;27738;66336;10;38.93;8;12;18;9;9;36;3;9296;6.8;0.270031571;0.575780571;5228731429;351314;0.99992;2772985714;29258214.29;7766002857;2199128571;0.115957857
9;29.61;84384;23.85;133.92;6;33.11;13;15;50;8;6;21;5;17968;12.72;0;0.024477414;3539932857;4539291429;0.579207286;2995564286;34604014.29;15125214.29;9161900;0.802527429
22;35.91;64032;30366;121.44;2;34.97;11;8;31;13;10;14;4;10192;18384;0;0.010576029;3494735714;44936;0.205313286;4901651429;36541485.71;13395242.86;2855392857;0.817003714
24;25758;131808;32526;132192;4;40.49;13;15;34;12;9;13;6;19248;9968;0;0.138516143;3476794286;1530592857;0.135586429;9104768571;36742685.71;19997371.43;2236780;0.596877
14;35262;125088;31302;52.32;9;45.11;10;12;22;5;10;15;2;15696;6224;0.424964143;0.711039143;5662982857;6225692857;0.625040286;3543085714;30331314.29;12861142.86;9222421429;0.063399629
18;20718;77856;19962;64.8;7;29.75;5;6;45;14;14;24;5;18448;11056;0;0.010996686;3541174286;454058;0.734661;7859794286;28083928.57;3781150;8084404286;0.814398571
9;23562;110688;33714;115872;11;40.67;5;7;16;13;7;43;4;10608;6992;0.452633286;0.630996429;5766788571;4342335714;0.986621714;5023654286;29903671.43;278886;1345954286;0.084154586
12;29.43;116.64;18414;111456;9;32.39;7;14;44;9;9;28;2;13392;10.96;0;0.017958729;3542884286;4542281429;0.798418;3954452857;28349971.43;10531271.43;1644242857;0.808191571
8;19746;137184;26046;120096;3;46.13;9;10;29;12;6;35;4;19.12;15376;0.252236143;0.380792429;5133288571;179537;0.347375;2004211429;32031328.57;2482384286;2898885714;0.185059286
15;30474;136992;30438;99744;12;44.51;12;13;46;8;9;50;6;10.96;9936;0;0.0197431;3508264286;450711;0.99992;2776835714;27770157.14;1990754286;4795147143;0.808055857
10;23.13;88224;32634;81888;9;26.57;6;13;33;15;13;39;6;4.72;10.32;0;0.0176781;3564141429;4563861429;0.99992;2759401429;34898542.86;21085100;18818685.71;0.807510286
23;32814;67488;24822;110688;2;37.67;8;6;46;8;5;31;7;19088;9584;0;0.010897286;3496991429;4495875714;0.364224429;3131077143;29937314.29;4326607143;9729472857;0.816552286
